Sequence,PAM,Score,Gene,Chromosome,Strand,Position,Mismatches,On-target
CTTGGAAAATAACATCTGAG,GGG,100,ENSG00000139618,chr13,-1,32911758,0,TRUE
TTTGGAAAATAACATCTGAG,CGG,100,,chr20,-1,31216131,1,FALSE
CTTGGAAAGTAACATCTGAG,TAG,61.1,,chr21,-1,36807929,1,FALSE
CGTGGAAAATAAAATCTGAG,GAG,3.604411765,,chr13,1,75284087,2,FALSE
CATGGAAGAAAACATCTGAG,GAG,2.639366516,,chr5,-1,154708761,3,FALSE
ATGGGAAGAGAACATCTGAG,AGG,1.463858654,,chr11,1,133352167,4,FALSE
GGTGGAAAATAACATCTGGG,AGG,1.414893617,,chr7,-1,29416397,3,FALSE
AGAGGAAAAAAACATCTGAG,GAG,1.412719487,,chr11,1,59648406,4,FALSE
GAAGTAAAATAACATCTGAG,TGG,1.356225869,,chr5,-1,168054228,4,FALSE
AGCAGAAAATAACATCTGAG,TAG,1.325518868,,chr12,1,72479098,4,FALSE
CTTTTAAAATAAAATCTGAG,CAG,1.150704225,,chr13,-1,72192841,3,FALSE
CTTTGACAATAACATCTGAA,GGG,1.148919108,,chr3,1,133495544,3,FALSE
CTTGGAAGACATCATCTGAG,TAG,1.13432253,,chr6,1,116009492,3,FALSE
CTAGGATAATATCATCTGAG,GAG,0.985179722,,chr10,1,56545998,3,FALSE
ATGGCAGAATAACATCTGAG,GAG,0.979233827,,chr7,-1,53729080,4,FALSE
TAAGGAGAATAACATCTGAG,CAG,0.971304808,,chr14,1,56392711,4,FALSE
CTTGGTGAACAACATCTGAG,GGG,0.952681065,,chr2,1,141595547,3,FALSE
CTAAGATAAAAACATCTGAG,CAG,0.93231737,,chr15,1,40846872,4,FALSE
CTTGTGAAATGACATCTGAG,AAG,0.89728903,,chr2,-1,66636245,3,FALSE
CTGGTAAAATAACAGCTGAG,AAG,0.885487125,,chr6,1,165444967,3,FALSE
CATTGAAACAAACATCTGAG,TAG,0.883140611,,chr1,1,248088363,4,FALSE
ATGGAAAAATAACATCTGAT,TAG,0.877104566,,chrY,-1,24883862,4,FALSE
ATGGAAAAATAACATCTGAT,TAG,0.877104566,,chrY,1,7464366,4,FALSE
TTTGTGAAAGAACATCTGAG,TAG,0.866830922,,chr2,-1,204895322,4,FALSE
TGTGTGAAATAACATCTGAG,TGG,0.865587349,,chr10,-1,85157187,4,FALSE
CTTTAAAAATAACAACTGAG,TGG,0.861590525,,chr9,-1,19008388,3,FALSE
CCTACAAAATAACATCTGAA,CAG,0.848892857,,chr11,1,5967220,4,FALSE
CAGGAAAAATAACATCTGAA,CAG,0.846684754,,chr12,-1,9103075,4,FALSE
CTTTCAACATGACATCTGAG,AGG,0.834256329,,chr18,-1,24901272,4,FALSE
CTTGTAAATTACCATCTGAG,GGG,0.8313869,,chr5,-1,104252960,3,FALSE
CCAGGAAAAGCACATCTGAG,GGG,0.827417434,,chr1,-1,117488229,4,FALSE
CTTGCAATCCAACATCTGAG,TAG,0.792383078,,chr19,1,7219156,4,FALSE
CTTTGATAATAATATCTGAG,GAG,0.785930986,,chr11,-1,35964025,3,FALSE
ATTGGAAAAGAACATCTCAG,TGG,0.76729396,,chr11,-1,129259689,3,FALSE
CTTTGAAGAACACATCTGAG,AAG,0.761920371,,chr13,-1,59038533,4,FALSE
AATGAAAAATAACATCAGAG,AAG,0.749487705,,chr4,1,39189704,4,FALSE
CTTTTAAAATAACATCTTAG,AAG,0.717533719,,chr6,1,76716427,3,FALSE
CTAGGAAAATAATATCTGAT,AAG,0.676347693,,chr1,-1,146767110,3,FALSE
TTTTGAAAATAACATTTGAG,AAG,0.66020202,,chr3,1,193887738,3,FALSE
ATTGAAAGATAACATCTGGG,GAG,0.65625,,chr10,-1,21259769,4,FALSE
TTTTAAAAATAAAATCTGAG,GAG,0.653406398,ENSG00000172348,chr6,-1,46189219,4,FALSE
TATAGAAAATAACATCTGGG,CAG,0.648663295,,chr6,1,16454621,4,FALSE
CCTGAAATATAATATCTGAG,AGG,0.647271127,,chr1,1,94439185,4,FALSE
TTCAGAAAATAAAATCTGAG,AGG,0.644258709,,chr11,1,24480733,4,FALSE
AGCGGAAAATAAGATCTGAG,TAG,0.644258709,,chr6,-1,11633660,4,FALSE
GTCAGAAAATAAAATCTGAG,AAG,0.644258709,,chr10,-1,97811512,4,FALSE
CAAGAAAAATAATATCTGAG,TGG,0.6322725,,chr13,1,32131616,4,FALSE
CACGCAAAATAAAATCTGAG,GGG,0.6322725,,chr16,-1,59884993,4,FALSE
ATTTGAAAACAAAATCTGAG,AAG,0.631726959,ENSG00000232526,chr2,-1,42691033,4,FALSE
TTTAGAAAAAAAGATCTGAG,GAG,0.631726959,,chr9,1,81977707,4,FALSE
