Sequence	PAM	Score	Gene	Chromosome	Strand	Position	Mismatches	On-target
AAAAAATGTTGGCCTCTCTT	TGG	100	ENSG00000139618	chr13	-1	32890617	0	TRUE
AAAGAATGTTGGCCTCTCCT	TGG	4.275		chr15	-1	78350783	2	FALSE
AACTAATGTAGGCCTCTCTT	GAG	2.51150131		chr6	-1	115765973	3	FALSE
AAAATATACTGGCCTCTCTT	GAG	1.529512516		chrX	1	57017059	3	FALSE
AAATAGTTTTGGCCTCTCTT	AGG	1.514492754		chr14	-1	49328259	3	FALSE
GAACCATTTTGGCCTCTCTT	CGG	1.478215768		chr20	-1	20428056	4	FALSE
AAAGGCTGTTGGCCTCTCTT	AAG	1.4244114		chr1	-1	150875831	3	FALSE
AAGAAATGTAGGCCTCTCAT	CAG	1.153930873		chr2	-1	15470585	3	FALSE
AAAAAATCTGGACCTCTCTT	GGG	1.13432253		chr19	-1	45627708	3	FALSE
ACAGAAATTTGGCCTCTCTT	CAG	1.001311728		chr13	-1	75222091	4	FALSE
AAAAAATGTTGAACTCTCTT	AAG	0.993867033		chr4	1	126777714	2	FALSE
AATAAATGTTTGCCTCTCTG	TAG	0.969955993		chr4	1	58073637	3	FALSE
AACCAAGATTGGCCTCTCTT	GAG	0.963503163		chr3	1	74097503	4	FALSE
AAGAGAAATTGGCCTCTCTT	CAG	0.955825847		chr14	-1	51861274	4	FALSE
GGAGAATGCTGGCCTCTCTT	AAG	0.934200644		chr5	1	55830737	4	FALSE
GAACAATTTTGGCCTCTCTC	CAG	0.911388037		chr2	1	234991109	4	FALSE
TAAGAATGAAGGCCTCTCTT	GGG	0.907117279		chr14	1	47009049	4	FALSE
TAATACTCTTGGCCTCTCTT	GAG	0.901804393		chr2	-1	206514530	4	FALSE
CAAACATTTTGGCCTCTCTA	AAG	0.900340909		chr5	-1	57983870	4	FALSE
AAAAAGTTTTTGCCTCTCTT	CAG	0.867989796		chr8	-1	69361448	3	FALSE
AAATAGTGTTGCCCTCTCTT	AAG	0.853022624		chr4	1	162721207	3	FALSE
GAAGGCTGTTGGCCTCTCTT	CAG	0.851902174	ENSG00000272325	chr6	1	34256253	4	FALSE
AGCCAATGTTTGCCTCTCTT	AAG	0.851313046		chr3	-1	33097800	4	FALSE
AACAGATATTAGCCTCTCTT	CAG	0.84394237		chr20	1	38387277	4	FALSE
CACAAATGTTGGCCTCTATT	CAG	0.821446085		chr1	1	88217704	3	FALSE
AAGAAATAGAGGCCTCTCTT	CAG	0.820192107		chr3	1	114036784	4	FALSE
ATCAAATTTTGTCCTCTCTT	GGG	0.803819302	ENSG00000132326	chr2	-1	239154591	4	FALSE
TAAAAATGTTAGACTCTCTT	AAG	0.719738095		chr6	-1	123542554	3	FALSE
AACAAATATAGACCTCTCTT	GAG	0.701181846		chr5	1	28820570	4	FALSE
AAAAAATGCAGTCCTCTCTT	GGG	0.671827508		chr14	1	31418087	3	FALSE
TTAAAATGTTGGCCTTTCTT	AAG	0.66020202		chr3	1	24191198	3	FALSE
TCAAAAGGATGGCCTCTCTT	TGG	0.654924036		chr10	-1	117115945	4	FALSE
GATAAAAGTTTGCCTCTCTT	AAG	0.613600551		chr12	-1	45210588	4	FALSE
AAGAAATCTGGGACTCTCTT	AGG	0.566513299		chr4	1	9917751	4	FALSE
GAGAAATGCTGGCCTCTCTC	TGG	0.56287496		chr1	1	203650863	4	FALSE
AAATAATATGGGTCTCTCTT	GGG	0.559370567		chr17	-1	26997450	4	FALSE
AAGACAGGTTGGCCTCTCTA	AGG	0.558901809	ENSG00000140497	chr15	-1	75144696	4	FALSE
ATAACATGATAGCCTCTCTT	AGG	0.541731642		chr13	1	93300284	4	FALSE
ATAACATGATAGCCTCTCTT	AGG	0.541731642		chr15	-1	100399152	4	FALSE
ATAACATGATAGCCTCTCTT	AGG	0.541731642		chr15	1	34747827	4	FALSE
CAACAGTGTTAGCCTCTCTT	CAG	0.541266261		chr6	1	119493511	4	FALSE
AAAAAATTTTGGACTCTCTA	GGG	0.54077619		chr11	-1	49451347	3	FALSE
ACAAGATGGTGGCCTCTCTC	CAG	0.537087981		chr2	-1	84899190	4	FALSE
GAAAAATGTTGGCCCCTCTA	AGG	0.532171429		chr12	1	113320691	3	FALSE
ATAAAATTCTGGCCTCTCTG	TGG	0.518673536		chr21	-1	31840943	4	FALSE
CAACAATGCTGTCCTCTCTT	AGG	0.512406818		chr6	-1	25067001	4	FALSE
AAAAGAGGTGAGCCTCTCTT	AAG	0.511825497		chr8	-1	36701493	4	FALSE
CAAAAATGACTGCCTCTCTT	TAG	0.498934843		chr14	1	54348271	4	FALSE
CAAACATTTTGGCCCCTCTT	TGG	0.489615385		chr13	1	50785164	4	FALSE
AAAGAATTCTGGCCTCTCTA	AAG	0.485389672		chr6	1	87173748	4	FALSE
