Sequence,PAM,Score,Gene,Chromosome,Strand,Position,Mismatches,On-target,Full_sequence,On_target,start,end
TAGTTTCTTCTTGATTTTTT,TGG,100.0,ENSG00000139618,chr13,-1,32911078,0,True,TAGTTTCTTCTTGATTTTGG,TAGTTTCTTCTTGATTTTGG,32911072,32911094
CAGTTTCTTCTTGATTTTTT,TGG,100.0,,chr12,-1,7376216,1,False,CAGTTTCTTCTTGATTTTGG,TAGTTTCTTCTTGATTTTGG,7376210,7376232
TATTTTCATCTTGATTTTTT,AAG,6.244666667,,chr1,-1,76838330,2,False,TATTTTCATCTTGATTTAAG,TAGTTTCTTCTTGATTTTGG,76838324,76838346
TTGTTTCTTCTTGATTTTCT,TGG,5.541666667,,chr4,1,179666392,2,False,TTGTTTCTTCTTGATTTTGG,TAGTTTCTTCTTGATTTTGG,179666375,179666397
TACTTTCTTCTTTATTTTTT,TGG,3.295480909,,chr3,1,60533234,2,False,TACTTTCTTCTTTATTTTGG,TAGTTTCTTCTTGATTTTGG,60533217,60533239
TAGTTTTTTCTTGATTTTTC,CAG,3.146168023,,chr14,1,73539150,2,False,TAGTTTTTTCTTGATTTCAG,TAGTTTCTTCTTGATTTTGG,73539133,73539155
TAGTTTGTTCTTGATTTTTC,TAG,3.146168023,,chr10,1,29203447,2,False,TAGTTTGTTCTTGATTTTAG,TAGTTTCTTCTTGATTTTGG,29203430,29203452
ATGTTTCATCTTGATTTTTT,GAG,2.765647744,,chr2,1,2154116,3,False,ATGTTTCATCTTGATTTGAG,TAGTTTCTTCTTGATTTTGG,2154099,2154121
CAGTATCATCTTGATTTTTT,TAG,2.765647744,,chr12,-1,99484224,3,False,CAGTATCATCTTGATTTTAG,TAGTTTCTTCTTGATTTTGG,99484218,99484240
TTGATTCATCTTGATTTTTT,AGG,2.672292546,,chr2,-1,238114814,3,False,TTGATTCATCTTGATTTAGG,TAGTTTCTTCTTGATTTTGG,238114808,238114830
TATTGTCTTTTTGATTTTTT,CAG,2.51150131,,chr11,1,90795415,3,False,TATTGTCTTTTTGATTTCAG,TAGTTTCTTCTTGATTTTGG,90795398,90795420
TACTTTCCTGTTGATTTTTT,AAG,2.51150131,,chr5,1,20633058,3,False,TACTTTCCTGTTGATTTAAG,TAGTTTCTTCTTGATTTTGG,20633041,20633063
TAGAGTCCTCTTGATTTTTT,GGG,2.503293808,,chr6,-1,82386033,3,False,TAGAGTCCTCTTGATTTGGG,TAGTTTCTTCTTGATTTTGG,82386027,82386049
ACATTTCTTCTTGATTTTTT,TAG,2.321437423,,chr13,-1,67884235,3,False,ACATTTCTTCTTGATTTTAG,TAGTTTCTTCTTGATTTTGG,67884229,67884251
TATTTTCTTCTTGATGTTTT,CAG,1.8734,,chr6,1,164357186,2,False,TATTTTCTTCTTGATGTCAG,TAGTTTCTTCTTGATTTTGG,164357169,164357191
TTATTTCTTCTTGATTTTTA,GGG,1.84682695,,chrX,1,92880896,3,False,TTATTTCTTCTTGATTTGGG,TAGTTTCTTCTTGATTTTGG,92880879,92880901
GAGTATTTTCTTGATTTTTT,AAG,1.825175809,,chr18,-1,6757119,3,False,GAGTATTTTCTTGATTTAAG,TAGTTTCTTCTTGATTTTGG,6757113,6757135
TTGCTTTTTCTTGATTTTTT,GAG,1.765578231,,chr6,1,122958425,3,False,TTGCTTTTTCTTGATTTGAG,TAGTTTCTTCTTGATTTTGG,122958408,122958430
TCATTTTTTCTTGATTTTTT,GGG,1.740860136,,chr7,-1,71447198,3,False,TCATTTTTTCTTGATTTGGG,TAGTTTCTTCTTGATTTTGG,71447192,71447214
TAATTTTCTCTTGATTTTTT,TAG,1.740860136,,chr13,1,35881653,3,False,TAATTTTCTCTTGATTTTAG,TAGTTTCTTCTTGATTTTGG,35881636,35881658
TAGGTTCATCTTGATTTTTA,TGG,1.682165605,,chr6,1,70558126,3,False,TAGGTTCATCTTGATTTTGG,TAGTTTCTTCTTGATTTTGG,70558109,70558131
TAAATTCTACTTGATTTTTT,TGG,1.609911955,,chr13,-1,103064439,3,False,TAAATTCTACTTGATTTTGG,TAGTTTCTTCTTGATTTTGG,103064433,103064455
TACTTTCTTTTTGATTTTTA,GGG,1.609602648,,chr14,-1,81257355,3,False,TACTTTCTTTTTGATTTGGG,TAGTTTCTTCTTGATTTTGG,81257349,81257371
TCGTTACTTGTTGATTTTTT,CAG,1.596816742,,chr18,-1,46938213,3,False,TCGTTACTTGTTGATTTCAG,TAGTTTCTTCTTGATTTTGG,46938207,46938229
TTTTTTCTTCTGGATTTTTT,TGG,1.49872,ENSG00000141052,chr17,-1,12669298,3,False,TTTTTTCTTCTGGATTTTGG,TAGTTTCTTCTTGATTTTGG,12669292,12669314
TTTTTTCTTCTAGATTTTTT,AGG,1.49872,,chr15,1,43631814,3,False,TTTTTTCTTCTAGATTTAGG,TAGTTTCTTCTTGATTTTGG,43631797,43631819
TAGCTCCTTTTTGATTTTTT,GAG,1.489014768,,chr2,1,195432733,3,False,TAGCTCCTTTTTGATTTGAG,TAGTTTCTTCTTGATTTTGG,195432716,195432738
CAGAGTCCTCTTGATTTTTT,TAG,1.478215768,,chr4,1,66389463,4,False,CAGAGTCCTCTTGATTTTAG,TAGTTTCTTCTTGATTTTGG,66389446,66389468
TTGATTCTTCTTGATTCTTT,TAG,1.477777778,,chr3,1,107393102,3,False,TTGATTCTTCTTGATTCTAG,TAGTTTCTTCTTGATTTTGG,107393085,107393107
AATTGTCCTCTTGATTTTTT,TGG,1.469717573,,chr5,1,134042099,4,False,AATTGTCCTCTTGATTTTGG,TAGTTTCTTCTTGATTTTGG,134042082,134042104
TATTTTCTTTATGATTTTTT,TGG,1.444340538,,chr7,-1,21946844,3,False,TATTTTCTTTATGATTTTGG,TAGTTTCTTCTTGATTTTGG,21946838,21946860
TATTTTCCTCTGGATTTTTT,AAG,1.442430047,,chr15,1,87297694,3,False,TATTTTCCTCTGGATTTAAG,TAGTTTCTTCTTGATTTTGG,87297677,87297699
GAGTTTCTTATTGATTATTT,GGG,1.43038535,,chr14,-1,33719263,3,False,GAGTTTCTTATTGATTAGGG,TAGTTTCTTCTTGATTTTGG,33719257,33719279
TCATTTCATTTTGATTTTTT,CAG,1.425166355,,chrX,1,7804116,4,False,TCATTTCATTTTGATTTCAG,TAGTTTCTTCTTGATTTTGG,7804099,7804121
TGTTTTCATTTTGATTTTTT,TAG,1.425166355,,chr10,-1,29489201,4,False,TGTTTTCATTTTGATTTTAG,TAGTTTCTTCTTGATTTTGG,29489195,29489217
CTGTTTCTTCTTGATTTTAT,GAG,1.414893617,,chr2,-1,171829327,3,False,CTGTTTCTTCTTGATTTGAG,TAGTTTCTTCTTGATTTTGG,171829321,171829343
TAGTTCCGTTTTGATTTTTT,GAG,1.394847826,,chr9,1,72374544,3,False,TAGTTCCGTTTTGATTTGAG,TAGTTTCTTCTTGATTTTGG,72374527,72374549
TAACTTCTTCTTGATTATTT,TGG,1.389709056,,chr13,-1,53484011,3,False,TAACTTCTTCTTGATTATGG,TAGTTTCTTCTTGATTTTGG,53484005,53484027
TAAAATCATCTTGATTTTTT,GAG,1.388389328,,chr3,-1,104676788,4,False,TAAAATCATCTTGATTTGAG,TAGTTTCTTCTTGATTTTGG,104676782,104676804
TAGTTTTTTCTTGAATTTTT,TAG,1.380093651,,chr22,-1,17149597,2,False,TAGTTTTTTCTTGAATTTAG,TAGTTTCTTCTTGATTTTGG,17149591,17149613
TACATTCGTATTGATTTTTT,TAG,1.376650053,,chrX,1,18370678,4,False,TACATTCGTATTGATTTTAG,TAGTTTCTTCTTGATTTTGG,18370661,18370683
TATTATCCTATTGATTTTTT,CAG,1.365032753,,chr9,-1,103955967,4,False,TATTATCCTATTGATTTCAG,TAGTTTCTTCTTGATTTTGG,103955961,103955983
GAGTTTTTTCTTGATTTTTA,AGG,1.356242857,,chr19,-1,38166949,3,False,GAGTTTTTTCTTGATTTAGG,TAGTTTCTTCTTGATTTTGG,38166943,38166965
TAGAGTCATGTTGATTTTTT,TAG,1.350231481,,chr4,-1,93826499,4,False,TAGAGTCATGTTGATTTTAG,TAGTTTCTTCTTGATTTTGG,93826493,93826515
TTCTTTCTTCTTGATTTTAT,AAG,1.320181208,,chr6,1,16450215,3,False,TTCTTTCTTCTTGATTTAAG,TAGTTTCTTCTTGATTTTGG,16450198,16450220
TGATTTCTTCTTGATTTTAT,AAG,1.320181208,,chr3,1,141923783,3,False,TGATTTCTTCTTGATTTAAG,TAGTTTCTTCTTGATTTTGG,141923766,141923788
TATCTTCTTCTTGATTTTCT,AGG,1.252910828,,chr3,1,153426277,3,False,TATCTTCTTCTTGATTTAGG,TAGTTTCTTCTTGATTTTGG,153426260,153426282
TCTTTTCTTCTTTATTTTTT,AAG,1.226744162,,chr1,-1,8051329,3,False,TCTTTTCTTCTTTATTTAAG,TAGTTTCTTCTTGATTTTGG,8051323,8051345
TTTTTTCTTCTTCATTTTTT,GAG,1.226744162,,chr6,1,6334445,3,False,TTTTTTCTTCTTCATTTGAG,TAGTTTCTTCTTGATTTTGG,6334428,6334450
TTGTTTCTTGTTAATTTTTT,GAG,1.145873604,,chr3,1,35796682,3,False,TTGTTTCTTGTTAATTTGAG,TAGTTTCTTCTTGATTTTGG,35796665,35796687
