On-target	Full_sequence	Chromosome	start	end	label	strand
GGGTGGGGGGAGTTTGCTCCTGG	GAGTGGGTGGAGTTTGCTACAGG	chr4	8453786	8453808	1	+1
GGGTGGGGGGAGTTTGCTCCTGG	GGTTGAGGGGAGTCTGCTCCAGG	chr13	26202795	26202817	1	+1
GGGTGGGGGGAGTTTGCTCCTGG	AGCTGAGGGGAGCTTGCTCTGGG	chr11	33682250	33682272	1	-1
GGGTGGGGGGAGTTTGCTCCTGG	AGGTGGTGGGAGCTTGTTCCTGG	chr3	128284315	128284337	1	-1
GGGTGGGGGGAGTTTGCTCCTGG	GGGCAAGGGGAGGTTGCTCCTGG	chr11	117481202	117481224	1	-1
GGGTGGGGGGAGTTTGCTCCTGG	CTGGTGGGGGAGCTTGCTCCAGG	chr17	47317533	47317555	1	-1
GGGTGGGGGGAGTTTGCTCCTGG	GCGTGGGGGGTGTTTGCTCCCGG	chr5	32945258	32945280	1	+1
GGGTGGGGGGAGTTTGCTCCTGG	GTGGGGGTAGAGTTTGCTCCAGG	chr6	14316367	14316389	1	-1
GGGTGGGGGGAGTTTGCTCCTGG	GGGAGGGTGGAGTTTGCTCCTGG	chr12	131690182	131690204	1	+1
GGGTGGGGGGAGTTTGCTCCTGG	GGGTGGGGGGAGTTTGCCCCAGG	chr22	37215259	37215281	1	+1
GGGTGGGGGGAGTTTGCTCCTGG	GGGAGGGGGCAGGTTGCTCCAGG	chr12	21680541	21680563	1	-1
GGGTGGGGGGAGTTTGCTCCTGG	AGGGAGGAGGAATTTGCTCCAGG	chr20	56175350	56175372	1	-1
GGGTGGGGGGAGTTTGCTCCTGG	AGGTAGGAGAAGCTTGCTCCTGA	chr11	20059569	20059591	1	+1
GGGTGGGGGGAGTTTGCTCCTGG	GGTGGGGGAGAGCTAGCTCCGGG	chr3	195871258	195871280	1	-1
GGGTGGGGGGAGTTTGCTCCTGG	AAATGGGGGGAGTTTGCCCCCCG	chr10	6789087	6789109	1	-1
GGGTGGGGGGAGTTTGCTCCTGG	GGGGGCGGGGAGGTTGCCCCGGG	chr19	18526760	18526782	1	-1
GGGTGGGGGGAGTTTGCTCCTGG	GGGTGGGTGGAGTTTGCTACTGG	chr1	33643271	33643293	1	+1
GGGTGGGGGGAGTTTGCTCCTGG	CGGGGGAGGGAGTTTGCTCCTGG	chr12	1988060	1988082	1	+1
GGGTGGGGGGAGTTTGCTCCTGG	AAGTGGGAAGAGTTTGTTCCAGG	chr21	37116653	37116675	1	-1
GGGTGGGGGGAGTTTGCTCCTGG	AAGTGGGAGGAGACTGCTCCAGG	chr8	28483336	28483358	1	+1
GGGTGGGGGGAGTTTGCTCCTGG	GGGGAGGGGGAGGGTGCTCCAGG	chr11	47222747	47222769	1	+1
GGGTGGGGGGAGTTTGCTCCTGG	GGGGAGGGGAAGTTTGCTCCTGG	chr1	99347645	99347667	1	-1
GGGTGGGGGGAGTTTGCTCCTGG	TAGTGGAGGGAGCTTGCTCCTGG	chr17	39796322	39796344	1	-1
GGGTGGGGGGAGTTTGCTCCTGG	GGATGGAGGGAGTTTGCTCCTGG	chr15	65637531	65637553	1	-1
GGGTGGGGGGAGTTTGCTCCTGG	GGGGGTGGGGACTTTGCTCCAGG	chr17	32986319	32986341	1	-1
GGGTGGGGGGAGTTTGCTCCTGG	GGGCAGAGGGAGTTAGCACCGGG	chr22	39151235	39151257	1	-1
GGGTGGGGGGAGTTTGCTCCTGG	GGAGGAGGGGAGTCTGCTCCAGG	chr1	233157337	233157359	1	+1
GGGTGGGGGGAGTTTGCTCCTGG	GGGAGGGGAGAGTTTGTTCCAGG	chrX	19185595	19185617	1	-1
GGGTGGGGGGAGTTTGCTCCTGG	AGGAAGGAGGAGTTAGCTCCTGG	chr3	125633986	125634008	1	-1
GGGTGGGGGGAGTTTGCTCCTGG	AGGAAGGAGGAGTTAGCTCCTGG	chr11	67574245	67574267	1	+1
GGGTGGGGGGAGTTTGCTCCTGG	AGGAAGGAGGAGTTAGCTCCTGG	chr11	71497113	71497135	1	-1
GGGTGGGGGGAGTTTGCTCCTGG	AGGAAGGAGGAGTTAGCTCCTGG	chr11	3445187	3445209	1	+1
GGGTGGGGGGAGTTTGCTCCTGG	AAGTAAGGGAAGTTTGCTCCTGG	chr16	8763207	8763229	1	-1
GGGTGGGGGGAGTTTGCTCCTGG	GGTGGGGGTGGGTTTGCTCCTGG	chr5	56172073	56172095	1	-1
GGGTGGGGGGAGTTTGCTCCTGG	AGCTGGAGGGAGTTTGCCCCAGG	chr10	124731399	124731421	1	+1
GGGTGGGGGGAGTTTGCTCCTGG	GAGGGGGAGCAGTTTGCTCCAGG	chr22	19698457	19698479	1	-1
GGGTGGGGGGAGTTTGCTCCTGG	GAGGGTGGGGAGTTTACTCCTGG	chr5	7067142	7067164	1	+1
GGGTGGGGGGAGTTTGCTCCTGG	GGGTGAGGGGAATAAACTCCAGG	chr20	43093843	43093865	1	+1
GGGTGGGGGGAGTTTGCTCCTGG	AGGTCGGGGGAGTTAGATCCCGG	chr22	38219316	38219338	1	+1
TGGATGGAGGAATGAGGAGTTGG	TCTCAGGAGGAATGAGGAGTTGG	chr2	199886050	199886072	1	+1
TGGATGGAGGAATGAGGAGTTGG	GGGAGGGAGGAATGAGGAGTGGG	chr20	2989118	2989140	1	+1
TGGATGGAGGAATGAGGAGTTGG	GGGATGGAGGGATGAGGAGTGGG	chr2	242451392	242451414	1	-1
TGGATGGAGGAATGAGGAGTTGG	TCCATGGAGGAATGAGGAGAGGG	chr8	48081086	48081108	1	-1
TGGATGGAGGAATGAGGAGTTGG	ACGATGGAGGAATGAGGACTTGG	chr12	54279147	54279169	1	+1
TGGATGGAGGAATGAGGAGTTGG	GCGATGGAGGAATGAAGAGTTGG	chr10	57493261	57493283	1	+1
TGGATGGAGGAATGAGGAGTTGG	GAGGATGGGGAATGAGGAGTAGG	chr2	15936422	15936444	1	+1
TGGATGGAGGAATGAGGAGTTGG	CGGACGGAGGAATGGGGAGTGGG	chr19	6611501	6611523	1	+1
TGGATGGAGGAATGAGGAGTTGG	AGGAGGGAGGAATGGGGAGTTGG	chr18	21810215	21810237	1	+1
TGGATGGAGGAATGAGGAGTTGG	TGGATGGAGGGATGAGGAGTGGG	chr1	30597854	30597876	1	+1
TGGATGGAGGAATGAGGAGTTGG	TAGATGAAGGAATGAGGAGAAGG	chr11	128663288	128663310	1	+1
TGGATGGAGGAATGAGGAGTTGG	TGGATGGAAGAATGAGGGGTGGG	chr4	1500296	1500318	1	+1
GGGAAAGACCCAGCATCCGTGGG	GGGAAAGTCCCAGCATCCTTTGG	chr1	201992424	201992446	1	+1
GGGAAAGACCCAGCATCCGTGGG	GGGAAAAGCCCAGCATCCCTTGG	chr10	123094930	123094952	1	+1
GGGAAAGACCCAGCATCCGTGGG	GGGAAGGACCCAGCATCCTGGGG	chr8	21121518	21121540	1	-1
GGGAAAGACCCAGCATCCGTGGG	GGGAAATACCCAGCATCCAATGG	chr9	129621071	129621093	1	+1
GGGAAAGACCCAGCATCCGTGGG	CAAGAAGACCCAGCTTCCGTAGG	chr19	10362656	10362678	1	-1
GGGAAAGACCCAGCATCCGTGGG	GGAAAAGACCAAGCATCAGTGGG	chr22	47970508	47970530	1	+1
GGGAAAGACCCAGCATCCGTGGG	ATGAAAGACCCAGCATCCATTGA	chr13	31633472	31633494	1	-1
GGGAAAGACCCAGCATCCGTGGG	GGGAAGGACCCAGCATTCCTGGG	chr22	43689583	43689605	1	+1
GGGAAAGACCCAGCATCCGTGGG	GAGAAAAGCCCAGCATCCTTAGG	chr8	48879610	48879632	1	+1
GCGCCACCGGTTGATGTGATGGG	GGGCCATGGGTTGATGTGATGAG	chr6	5125432	5125454	1	-1
GCCTCCCCAAAGCCTGGCCAGGG	TCCTCCCCACAGCCTGGCCAGGG	chr9	89337380	89337402	1	-1
GCCTCCCCAAAGCCTGGCCAGGG	GCTGCCCGAGAGCCTGGCCATGG	chr9	139153803	139153825	1	-1
GCCTCCCCAAAGCCTGGCCAGGG	ACCTCCCCATAGCCTGGCCAGGG	chr11	44986455	44986477	1	-1
GCCTCCCCAAAGCCTGGCCAGGG	TTCTCCCCAAAGCCTGGCCACAG	chr14	24572880	24572902	1	-1
GCCTCCCCAAAGCCTGGCCAGGG	GACCCCTCAAAGCCTGGCCAGAG	chr13	24822290	24822312	1	-1
GCCTCCCCAAAGCCTGGCCAGGG	GGCCGCCCAGAGCCTGGCCAGAG	chr7	1127665	1127687	1	+1
GCCTCCCCAAAGCCTGGCCAGGG	ACCAACCCAGAGCCTGGCCAGGG	chr17	72439431	72439453	1	-1
GCCTCCCCAAAGCCTGGCCAGGG	GCCTGCCGAAGGCCTGGCCAGGG	chr17	71699477	71699499	1	+1
GCCTCCCCAAAGCCTGGCCAGGG	TTCTCTCCAAAGCCTGGCCAGAG	chr20	56140567	56140589	1	-1
GACTTGTTTTCATTGTTCTCAGG	TCCTTGTTTTCATTGTTCTCTGG	chr14	89055053	89055075	1	+1
GACTTGTTTTCATTGTTCTCAGG	CATTTGTTTTCATTGTTCTCTGG	chr4	120560949	120560971	1	+1
GGCCCAGACTGAGCACGTGATGG	GAGCCAGAATGAGCACGTGAGGG	chr10	131593104	131593126	1	+1
GGCCCAGACTGAGCACGTGATGG	AGACCAGACTGAGCAAGAGAGGG	chrX	114764143	114764165	1	-1
GGCCCAGACTGAGCACGTGATGG	AGCTCAGACTGAGCAAGTGAGGG	chr1	47005699	47005721	1	-1
GGCCCAGACTGAGCACGTGATGG	GACACAGACCGGGCACGTGAGGG	chr7	66968036	66968058	1	-1
GGCCCAGACTGAGCACGTGATGG	CACCCAGACTGAGCACGTGCTGG	chr15	79749914	79749936	1	+1
GACCCCCTCCACCCCGCCTCCGG	TTCCCCCCCAACCCCACCTCGGG	chr2	91934561	91934583	1	-1
GACCCCCTCCACCCCGCCTCCGG	TTCCCCCCCAACCCCACCTCGGG	chr12	123893656	123893678	1	+1
GACCCCCTCCACCCCGCCTCCGG	TCCTCCTTCCACTCCGCCTCTGG	chr2	85515487	85515509	1	-1
GACCCCCTCCACCCCGCCTCCGG	GTCCCCTCCCTCCCCGCCTCTGG	chr9	33202608	33202630	1	+1
GACCCCCTCCACCCCGCCTCCGG	GACCCCCTTCACCCCACCTATGG	chr22	23260188	23260210	1	+1
GACCCCCTCCACCCCGCCTCCGG	CCGCCCCTGCACCCAGCCTCCGG	chr12	133287132	133287154	1	+1
GACCCCCTCCACCCCGCCTCCGG	CTCCCCCTACACCCCGCAACAGG	chr5	122565810	122565832	1	+1
GACCCCCTCCACCCCGCCTCCGG	CCACCCCTCCACCCCGTCCCAGG	chr9	100931286	100931308	1	-1
GACCCCCTCCACCCCGCCTCCGG	TTTCCCCCCCACCCCAACTCAGG	chr17	7147464	7147486	1	+1
GACCCCCTCCACCCCGCCTCCGG	TGCCCCCTCCACCCCACCTCTGA	chr6	110521018	110521040	1	+1
GACCCCCTCCACCCCGCCTCCGG	GGCTCACCCCACCCCACCTCTGG	chr9	37990359	37990381	1	+1
GACCCCCTCCACCCCGCCTCCGG	GGCCCTCTCCACTCCACCTCAGG	chr1	178738721	178738743	1	-1
GACCCCCTCCACCCCGCCTCCGG	GACCCCCCCCACCCCACCCCAGG	chr6	26470607	26470629	1	+1
GACCCCCTCCACCCCGCCTCCGG	CCTGCCCCCCACCCCGCCCCAGG	chr19	1494314	1494336	1	+1
GACCCCCTCCACCCCGCCTCCGG	CCCCCACCCCACCCCGCCTCCAG	chr9	130663070	130663092	1	+1
GACCCCCTCCACCCCGCCTCCGG	AGCCCCCCCCTCCCCGCCCCAGG	chr14	104601192	104601214	1	+1
GACCCCCTCCACCCCGCCTCCGG	CAGCCCCTCCACTCCACCCCCGG	chr13	114795497	114795519	1	+1
GACCCCCTCCACCCCGCCTCCGG	CCCCCCCTCCACCCCACTTCAGG	chr3	65075642	65075664	1	+1
GACCCCCTCCACCCCGCCTCCGG	GGCTCCCTCCGCCCCGCCCCGGG	chr11	65479763	65479785	1	-1
GACCCCCTCCACCCCGCCTCCGG	GACCCCACCCACCCCGCCGCAGG	chr12	132529350	132529372	1	+1
GACCCCCTCCACCCCGCCTCCGG	AGTAGCCCCCACCCCGCCTCGGG	chr16	69166705	69166727	1	-1
GACCCCCTCCACCCCGCCTCCGG	GACCCCCCCCCCCCGCCCCCGGG	chr3	13187296	13187318	1	-1
GACCCCCTCCACCCCGCCTCCGG	CTCCCCCTCCACCCCACCTCCAG	chr6	31462821	31462843	1	-1
GACCCCCTCCACCCCGCCTCCGG	CGTCCCCCCCCCCCCGCCTCAGG	chr21	46703216	46703238	1	-1
GACCCCCTCCACCCCGCCTCCGG	CCGCCCCCCCATCCCGCCCCAGG	chr20	62575811	62575833	1	-1
GACCCCCTCCACCCCGCCTCCGG	CCCCCTCCCCACCCCGCCGCAGG	chr7	1478603	1478625	1	-1
GACCCCCTCCACCCCGCCTCCGG	CACCCCGCCCACCCCGCCCCTGG	chr8	37251178	37251200	1	+1
GACCCCCTCCACCCCGCCTCCGG	AGTCCCATCCACCCCGCCTAAGG	chr19	18633477	18633499	1	-1
GACCCCCTCCACCCCGCCTCCGG	ACCCCACCCCACCCCGTCTCCGG	chr19	1028244	1028266	1	-1
GACCCCCTCCACCCCGCCTCCGG	GGCCCCACCCACCCCGCCTTCTG	chr7	130791559	130791581	1	+1
GACCCCCTCCACCCCGCCTCCGG	TTCCCCTTCCACCCAGCCTCTGG	chr17	72656671	72656693	1	-1
GACCCCCTCCACCCCGCCTCCGG	AACCCTCTCCACCCAGTCTCAGG	chr8	137500396	137500418	1	-1
GACCCCCTCCACCCCGCCTCCGG	CCCCCCCCTCACCCCGCCCCTGG	chr19	45324565	45324587	1	+1
GACCCCCTCCACCCCGCCTCCGG	TAGCCCCTCCACCCCACCACAGG	chr12	86681282	86681304	1	+1
GACCCCCTCCACCCCGCCTCCGG	GCCTCCCCCCACCCAGCCTCGGG	chr6	36853819	36853841	1	-1
GACCCCCTCCACCCCGCCTCCGG	CTACCCCTCCACCCCGACTCGGA	chr18	55101344	55101366	1	+1
GACCCCCTCCACCCCGCCTCCGG	CCCCCCTCCCACCCCGCCTCTAG	chr9	37465348	37465370	1	+1
GACCCCCTCCACCCCGCCTCCGG	AACACCCCCCACCCCACCCCGGG	chr19	51915513	51915535	1	-1
GACCCCCTCCACCCCGCCTCCGG	TCCCCCCTCCACCCCCGCCCCCG	chr1	52217903	52217925	1	+1
GACCCCCTCCACCCCGCCTCCGG	TACTCCCCCCACCCAGCCTCAGG	chr2	43608522	43608544	1	+1
GACCCCCTCCACCCCGCCTCCGG	CACCCCCCCCCCCCCGCCCCCGG	chr17	79881137	79881159	1	+1
GACCCCCTCCACCCCGCCTCCGG	ACTCCCCTCCACCCCACCTCTGA	chr1	23762245	23762267	1	-1
GACCCCCTCCACCCCGCCTCCGG	TCTCCCCTCCACCCCGCCCTCGG	chr11	133777441	133777463	1	+1
GACCCCCTCCACCCCGCCTCCGG	CACCTCCACAACTCCGCCTCTGG	chr12	3200960	3200982	1	+1
GACCCCCTCCACCCCGCCTCCGG	AGCCGCCCCCACCCCGCCCCCGG	chr9	2666722	2666744	1	+1
GACCCCCTCCACCCCGCCTCCGG	GCCACCCCCCACCCCACCCCAGG	chr6	41543433	41543455	1	+1
GACCCCCTCCACCCCGCCTCCGG	GACACACCCCCCCCCGCCTCCGG	chr6	43337320	43337342	1	+1
GACCCCCTCCACCCCGCCTCCGG	CGCCCACCCCACCCCACCTCAGG	chr17	58404852	58404874	1	+1
GACCCCCTCCACCCCGCCTCCGG	CCCCACCCCCACCCCGCCCCCGG	chr3	38141259	38141281	1	-1
GACCCCCTCCACCCCGCCTCCGG	CCACCATCCCACCCCGCCTCTGG	chr8	122367947	122367969	1	+1
GACCCCCTCCACCCCGCCTCCGG	AACCTCCACCTCCCCGCCTCAGG	chr7	101150782	101150804	1	+1
GACCCCCTCCACCCCGCCTCCGG	AGGCCCTCCCACCCCGCATCAGG	chr16	67289431	67289453	1	+1
GACCCCCTCCACCCCGCCTCCGG	GGCCCACTCCACTCCGTCTCCGG	chr7	44253550	44253572	1	-1
GACCCCCTCCACCCCGCCTCCGG	TGCACCCCCCACCCCGCCCCTGG	chr5	132860359	132860381	1	+1
GACCCCCTCCACCCCGCCTCCGG	CACCCCCCGCACCCCGCCCCAGG	chr11	32184479	32184501	1	-1
GACCCCCTCCACCCCGCCTCCGG	CACACCCACCACCCCGCCTCAGA	chr8	39839069	39839091	1	+1
GACCCCCTCCACCCCGCCTCCGG	AGACCCCCCCACCCCACCCCAGG	chr20	35991127	35991149	1	-1
GACCCCCTCCACCCCGCCTCCGG	AGACCCCCCCACCCCACCCCAGG	chr21	47440541	47440563	1	+1
GACCCCCTCCACCCCGCCTCCGG	TGGCCCCTCCGCCCCACCTCTGG	chr1	1294256	1294278	1	+1
GACCCCCTCCACCCCGCCTCCGG	CACCCCCTCCCCTCCGCCTCAGG	chr11	61321433	61321455	1	-1
GACCCCCTCCACCCCGCCTCCGG	GTCCCCTCCCACCCCGCCTCCAG	chr14	90403305	90403327	1	+1
GACCCCCTCCACCCCGCCTCCGG	AACCTCCCCCACCCCACCCCAGG	chr17	46103841	46103863	1	-1
GACCCCCTCCACCCCGCCTCCGG	CCGCCCCCCCACCCCAACTCCGG	chr2	101437451	101437473	1	+1
GACCCCCTCCACCCCGCCTCCGG	GACCCCTACCACCCCATCTCAGG	chr3	49850171	49850193	1	-1
GACCCCCTCCACCCCGCCTCCGG	ACACCCCCCCACCCCACCCCAGG	chr2	221535826	221535848	1	-1
GACCCCCTCCACCCCGCCTCCGG	TCCCCACCCCGCCCCGCCTCTGG	chr15	78857719	78857741	1	-1
GACCCCCTCCACCCCGCCTCCGG	TCCCACCCCCACCCCGCCACGGG	chr19	36759128	36759150	1	-1
GACCCCCTCCACCCCGCCTCCGG	AGCCCCCACCTCCCCGCCTCGGG	chr22	43684479	43684501	1	+1
GACCCCCTCCACCCCGCCTCCGG	TCCCCCCACCACCCCACCCCCGG	chr9	100732569	100732591	1	+1
GACCCCCTCCACCCCGCCTCCGG	AACCCCACCCACCCCATCTCAGG	chr1	237195675	237195697	1	-1
GACCCCCTCCACCCCGCCTCCGG	ACGCCCCCCCACCCCACGTCTGG	chr2	150391397	150391419	1	+1
GACCCCCTCCACCCCGCCTCCGG	AGCCAACCCCACCCCGCCTCTGG	chr9	131706576	131706598	1	-1
GACCCCCTCCACCCCGCCTCCGG	GCCACCCACCACCCCACCTCAGG	chr12	57604316	57604338	1	+1
GACCCCCTCCACCCCGCCTCCGG	GACACCTTCCACCCCGTCTCTGG	chr11	63391084	63391106	1	-1
GACCCCCTCCACCCCGCCTCCGG	ATCCCTCTCCACCCCACCCCAGG	chr11	45796050	45796072	1	-1
GACCCCCTCCACCCCGCCTCCGG	CTCCCCCCCCTCCCCGCCTCGGG	chr5	139028240	139028262	1	+1
GACCCCCTCCACCCCGCCTCCGG	TATCCTCCCCACCCCGCCCCGGG	chr16	57974232	57974254	1	-1
GACCCCCTCCACCCCGCCTCCGG	CCGCCCCTCCACCCCGCCACTGG	chr17	55740523	55740545	1	-1
GACCCCCTCCACCCCGCCTCCGG	AAGCCCCCCCACCCCGCCCCGGG	chr9	140263439	140263461	1	-1
GACCCCCTCCACCCCGCCTCCGG	TTCTCCCTCCTCCCCGCCTCGGG	chr19	42806795	42806817	1	-1
GACCCCCTCCACCCCGCCTCCGG	CTACCCCCACTCCCCGCCTCCGG	chr10	102821501	102821523	1	+1
GACCCCCTCCACCCCGCCTCCGG	GCCGCCCCCCACTCCGCCTCCGG	chr4	143767367	143767389	1	-1
GACCCCCTCCACCCCGCCTCCGG	AACACCCTCCACCCCACCACAGG	chr17	65632974	65632996	1	+1
GACCCCCTCCACCCCGCCTCCGG	GTCCCTCCCCACCCCGCCTTGGG	chr22	40102384	40102406	1	+1
GACCCCCTCCACCCCGCCTCCGG	GTCCCCCTCCTCCCCACCTCCGG	chrX	152837112	152837134	1	+1
GACCCCCTCCACCCCGCCTCCGG	ATGCCCCACCCCCCCGCCCCCGG	chr16	85338200	85338222	1	-1
GACCCCCTCCACCCCGCCTCCGG	CTCACCCCCCACCCCACCTCTGG	chr11	2686243	2686265	1	-1
GACCCCCTCCACCCCGCCTCCGG	GCCCCCCACCACCCCACCCCCGG	chr22	47511239	47511261	1	+1
GACCCCCTCCACCCCGCCTCCGG	GACCCCACCTACCCCACCTCAGG	chr5	156321125	156321147	1	+1
GACCCCCTCCACCCCGCCTCCGG	GTCCTCCACCACCCCGCCTCTGG	chrX	118865477	118865499	1	-1
GACCCCCTCCACCCCGCCTCCGG	GTCACTCCCCACCCCGCCTCTGG	chr11	83433594	83433616	1	-1
GACCCCCTCCACCCCGCCTCCGG	CCACCCCCCCACCCCGCCCCTGG	chr20	10913955	10913977	1	-1
GACCCCCTCCACCCCGCCTCCGG	CCGCCCCCCCACCCCGCCGCCGG	chr5	170878053	170878075	1	+1
GACCCCCTCCACCCCGCCTCCGG	GACCCTGTCCACCCCACCTCAGG	chr1	875321	875343	1	+1
GACCCCCTCCACCCCGCCTCCGG	CCCCCCCCCCACCCCGCCCCCGG	chr2	129244196	129244218	1	-1
GACCCCCTCCACCCCGCCTCCGG	GGGCCCTCCCACCTCGCCCCTGG	chr2	105990821	105990843	1	-1
GACCCCCTCCACCCCGCCTCCGG	CACCCACTACTCCCCGCCTCAGG	chr22	45134888	45134910	1	-1
GACCCCCTCCACCCCGCCTCCGG	GCCCCCCCCAACCCCGCCCCCGG	chr4	7329530	7329552	1	+1
GACCCCCTCCACCCCGCCTCCGG	ACCCCCCCCCCCCCCGCCCCCGG	chr2	24857577	24857599	1	+1
GACCCCCTCCACCCCGCCTCCGG	AGGCCCCCACACCCCGCCTCAGG	chr4	1496241	1496263	1	+1
GACCCCCTCCACCCCGCCTCCGG	CTCCCTCCCCACCCCACCTCTGG	chr2	11699948	11699970	1	+1
GACCCCCTCCACCCCGCCTCCGG	CCACCCCCCCACCCCGCCCCAGG	chr2	170573334	170573356	1	+1
GACCCCCTCCACCCCGCCTCCGG	CAACCCCCCCACCCCGCTTCAGG	chr3	140398784	140398806	1	+1
GACCCCCTCCACCCCGCCTCCGG	ATCCCCCTCCACCCCACCCCTGG	chr11	12308918	12308940	1	+1
GACCCCCTCCACCCCGCCTCCGG	CCCCCCCCCCGCCCCGCCCCCCG	chr5	14457487	14457509	1	+1
GACCCCCTCCACCCCGCCTCCGG	CATTCCCCCCACCCCACCTCAGG	chr12	26025089	26025111	1	-1
GACCCCCTCCACCCCGCCTCCGG	AGCCCCCCCCACCCCGACTCAGG	chr10	133956639	133956661	1	-1
GACCCCCTCCACCCCGCCTCCGG	CACTCCCCCCACCCCGCCCCAGG	chr9	126138175	126138197	1	-1
GACCCCCTCCACCCCGCCTCCGG	TCCACCCCCCACCCCGCCCCGGG	chr7	104933939	104933961	1	+1
GACCCCCTCCACCCCGCCTCCGG	AAGACCCCCCACCCCGCCCCAGG	chr19	45952038	45952060	1	+1
GACCCCCTCCACCCCGCCTCCGG	AACCACCCCCACCCCACCCCAGG	chr7	50765512	50765534	1	+1
GACCCCCTCCACCCCGCCTCCGG	CAGTCCCCCCACCCCACCTCTGG	chr10	72538201	72538223	1	+1
GACCCCCTCCACCCCGCCTCCGG	GAGCTCCCCCACCCCGCCCCGGG	chr19	14142969	14142991	1	-1
GACCCCCTCCACCCCGCCTCCGG	CATACCCCCCACCCCGCCCCGGG	chr4	8841911	8841933	1	-1
GACCCCCTCCACCCCGCCTCCGG	TACCCCCCCCACCCCGCCACAGG	chr11	13948354	13948376	1	+1
GACCCCCTCCACCCCGCCTCCGG	AGGCCCCCCCGCCCCGCCTCAGG	chr11	374661	374683	1	-1
GACCCCCTCCACCCCGCCTCCGG	CTTCCCCCACACCCCGCCCCAGG	chr3	31458652	31458674	1	-1
GACCCCCTCCACCCCGCCTCCGG	TGCCCCCCCCACCCCGCCCCCGG	chrX	129040624	129040646	1	+1
GACCCCCTCCACCCCGCCTCCGG	CCCCCCCCCCCCCCCGCCCCGGG	chr2	223731481	223731503	1	+1
GACCCCCTCCACCCCGCCTCCGG	CCCCCCCCCCCCCCCGCCCCGGG	chr16	82734565	82734587	1	+1
GACCCCCTCCACCCCGCCTCCGG	ACTCCCCTCCACCCCGGCTCGGG	chr17	62167048	62167070	1	-1
GACCCCCTCCACCCCGCCTCCGG	CCCCCCCCCCCCCCCGCCTCAGG	chr13	100546983	100547005	1	-1
GACCCCCTCCACCCCGCCTCCGG	CTGCCCCCCCACCCCGCCACTGG	chrX	149932512	149932534	1	+1
GACCCCCTCCACCCCGCCTCCGG	CATCCCCCCCACCCCACCCCGGG	chr11	46141849	46141871	1	-1
GACCCCCTCCACCCCGCCTCCGG	GCCCCCACCCACCCCGCCTCTGG	chr18	21359553	21359575	1	-1
GACCCCCTCCACCCCGCCTCCGG	CTCCCCCGCCACCCCGCCCCAGG	chr17	16954846	16954868	1	-1
GACCCCCTCCACCCCGCCTCCGG	GACACACCCCACCCCACCTCAGG	chr2	12744759	12744781	1	+1
GACCCCCTCCACCCCGCCTCCGG	GCCCCCCACCACCCCACCTCGGG	chr19	13122172	13122194	1	+1
GACCCCCTCCACCCCGCCTCCGG	GACCCCCCCCACCCCGCCCCCGG	chr15	33286101	33286123	1	-1
GACCCCCTCCACCCCGCCTCCGG	CGCCCTCCCCACCCCGCCTCCGG	chr10	135149931	135149953	1	+1
GACCCCCTCCACCCCGCCTCCGG	GACCCCTCCCACCCCGACTCCGG	chr9	27338858	27338880	1	+1
GACCCCCTCCACCCCGCCTCCGG	CCTCCCCCACACCCCGCATCCGG	chr1	151031869	151031891	1	+1
GACCCCCTCCACCCCGCCTCCGG	CACCCCCCCCCCCCCACCTCCGG	chr11	76495783	76495805	1	-1
GACCCCCTCCACCCCGCCTCCGG	CCCCCCCCCCCCCCCGCCTCCGG	chr22	50884786	50884808	1	+1
GACCCCCTCCACCCCGCCTCCGG	CCCCACCCCCACCCCGCCTCAGG	chr10	116294250	116294272	1	-1
GACCCCCTCCACCCCGCCTCCGG	GTACCCCACCACCCCGCCCCAGG	chr8	144822945	144822967	1	+1
GACCCCCTCCACCCCGCCTCCGG	CCCCCCCACCACCCCGCCCCGGG	chr8	18041540	18041562	1	-1
GACCCCCTCCACCCCGCCTCCGG	CCCCCTCCCCGCCCCGCCCCCGG	chr8	145008399	145008421	1	-1
GACCCCCTCCACCCCGCCTCCGG	TGCCCCTCCCACCCCGCCTCTGG	chr17	40044751	40044773	1	-1
GACCCCCTCCACCCCGCCTCCGG	GCTTCCCTCCACCCCGCATCCGG	chr11	71948788	71948810	1	+1
GACCCCCTCCACCCCGCCTCCGG	TGCCCCCCCCACCCCACCTCTGG	chr16	56963423	56963445	1	-1
GACCCCCTCCACCCCGCCTCCGG	ACACCCCCCCACCCCGCCTCAGG	chr9	103599643	103599665	1	-1
GACCCCCTCCACCCCGCCTCCGG	ATTCCCCCCCACCCCGCCTCAGG	chr2	242214590	242214612	1	+1
GACCCCCTCCACCCCGCCTCCGG	CTACCCCTCCACCCCGCCTCCGG	chr5	6715102	6715124	1	+1
GACCCCCTCCACCCCGCCTCCGG	GGGCCCCTCCACCCCGCCTCTGG	chr11	31817477	31817499	1	-1
GACCCCCTCCACCCCGCCTCCGG	TACCCCCCACACCCCGCCTCTGG	chr17	4358746	4358768	1	-1
GACCCCCTCCACCCCGCCTCCGG	GACCCCTCACACCCCGCCCCTGG	chr7	95319671	95319693	1	-1
GACATCGATGTCCTCCCCATTGG	GACATGAATGACCTCCCCATCAG	chr20	56821090	56821112	1	-1
GACATCGATGTCCTCCCCATTGG	CACATAGGTGTCCTCCCCATAGG	chr16	81211551	81211573	1	+1
GACATCGATGTCCTCCCCATTGG	GACATCGATAGCCTCCCCACTGG	chr16	55001415	55001437	1	+1
GACATCGATGTCCTCCCCATTGG	GACACCGATGTCATCTCCATCAG	chr3	137843608	137843630	1	-1
GACATCGATGTCCTCCCCATTGG	GAAATCAAGGTCCTCCCCATAGG	chr8	110512200	110512222	1	-1
GGCACTGCGGCTGGAGGTGGGGG	GACACTGAGGCAGGAGGTGGGGG	chr19	1295070	1295092	1	+1
GGCACTGCGGCTGGAGGTGGGGG	GGCACTGCTGCTGGGGGTGGTGG	chr6	160517875	160517897	1	-1
GGCACTGCGGCTGGAGGTGGGGG	GGCACTGTGGCTGCAGGTGGAGG	chr20	1151848	1151870	1	-1
GGCACTGCGGCTGGAGGTGGGGG	GACACCACGGCTGGAGATGGTGG	chr17	75429274	75429296	1	-1
GGCACTGCGGCTGGAGGTGGGGG	GGCACTGAGGGTGGAGGTGGGGG	chr20	45342994	45343016	1	+1
GGCACTGCGGCTGGAGGTGGGGG	AGGACTGCGGCTGGGGGTGGTGG	chr7	54561421	54561443	1	+1
GGCACTGCGGCTGGAGGTGGGGG	GGCACGACGGCTGGAGGTGGGGG	chr10	126694858	126694880	1	+1
GGCACTGCGGCTGGAGGTGGGGG	GGCACTGGGGCTGGGGGAGGGGG	chr10	13692620	13692642	1	+1
GGCACTGCGGCTGGAGGTGGGGG	AGCAGTGCGGCTAGAGGTGGTGG	chr13	39262912	39262934	1	+1
GGCACTGCGGCTGGAGGTGGGGG	GGCAATGTGGCTGAAGGTGGGGG	chr19	41220519	41220541	1	-1
GGCACTGCGGCTGGAGGTGGGGG	GGCACTGAGACTGGGGGTGGGGG	chr19	38616180	38616202	1	-1
GGCACTGCGGCTGGAGGTGGGGG	GGCGCTGCGGCGGGAGGTGGAGG	chr15	41044236	41044258	1	-1
GGCACTGCGGCTGGAGGTGGGGG	GGCATCACGGCTGGAGGTGGAGG	chr10	77103103	77103125	1	+1
GGCACTGCGGCTGGAGGTGGGGG	GCCACTGCAGCTAGAGGTGGAGG	chr7	110143134	110143156	1	+1
GGCACTGCGGCTGGAGGTGGGGG	GGCACTGGGGTTGGAGGTGGGGG	chr13	27629404	27629426	1	-1
GGCACTGCGGCTGGAGGTGGGGG	GGCTCTGCGGCTGGAGGGGGTGG	chr19	33382075	33382097	1	-1
GGCACTGCGGCTGGAGGTGGGGG	GAGGCTGCGGCTGGGGGTGGAGG	chr19	46887168	46887190	1	-1
GGCACTGCGGCTGGAGGTGGGGG	AGCACTGTGGCTGGGGGAGGGGG	chr16	50300330	50300352	1	+1
GGCACTGCGGCTGGAGGTGGGGG	GGCACAGCAGCTGGAGGTGCTGG	chr20	60895665	60895687	1	-1
GGCACTGCGGCTGGAGGTGGGGG	GGCTGTGCGGCCAGAGGTGGAGG	chr22	30130848	30130870	1	+1
GGCACTGCGGCTGGAGGTGGGGG	AGCACTGTGGCTGGGGGAGGCGG	chr7	134872026	134872048	1	-1
GGCACTGCGGCTGGAGGTGGGGG	GGCACTGCTGCTAGAGGTGCAGG	chr1	201067361	201067383	1	+1
GGCACTGCGGCTGGAGGTGGGGG	GGGACTGCGGCTGGAGGTGGGAA	chr3	49055358	49055380	1	-1
GGCACTGCGGCTGGAGGTGGGGG	AGCACTGCAGCTGGGAGTGGAGG	chr7	1397382	1397404	1	+1
GGCACTGCGGCTGGAGGTGGGGG	GGCTCTGAGGCCAGAGGTGGTGG	chr3	53375989	53376011	1	-1
GGCACTGCGGCTGGAGGTGGGGG	AGCACGGCAGCTGGAGGAGGGGG	chr16	88716117	88716139	1	+1
GGCACTGCGGCTGGAGGTGGGGG	GTCACTGCAGCTGGAGGAGGGGG	chr9	133039159	133039181	1	+1
GGCACTGCGGCTGGAGGTGGGGG	GGCTCCGCAGCTGGAGGTGGGGG	chr3	10418950	10418972	1	-1
GGCACTGCGGCTGGAGGTGGGGG	GCCACTGGGGCTGGGGGTGGGGG	chr1	171018454	171018476	1	-1
GGCACTGCGGCTGGAGGTGGGGG	AGCACTGGGGCTGGGGGAGGGGG	chr14	88773014	88773036	1	+1
GGCACTGCGGCTGGAGGTGGGGG	TGCACTGCGGCCGGAGGAGGTGG	chr20	60010546	60010568	1	+1
GGCACTGCGGCTGGAGGTGGGGG	GGCTCTTCGGCTGGAGGTAGCGG	chr16	28266962	28266984	1	-1
GGCACTGCGGCTGGAGGTGGGGG	CACACTGCAGCTGGAGGTGGTGG	chr13	88900986	88901008	1	-1
GGCACTGCGGCTGGAGGTGGGGG	TGGACTGCGGCTGGAGAGGGAGG	chr12	53453540	53453562	1	+1
GGCACTGCGGCTGGAGGTGGGGG	GGCAATGCGGCTGGAGGCGGAGG	chr4	56815182	56815204	1	+1
GGCACTGCGGCTGGAGGTGGGGG	CCCACTGGGGCTGGAGGTGGGGG	chr6	36761674	36761696	1	-1
GGCACTGCGGCTGGAGGTGGGGG	GCCACTGTGGCTGGAGGTGGGGA	chr5	177676320	177676342	1	-1
GGCACTGCGGCTGGAGGTGGGGG	GCCACAGCGGCCGGAGGTGGCAG	chr9	139522884	139522906	1	+1
GGCACTGCGGCTGGAGGTGGGGG	GGAACTGTGGCTGGAGGTGGCAG	chr2	25348461	25348483	1	-1
GGCACTGCGGCTGGAGGTGGGGG	GGTACTCTGGCTGGAGGTGGTGG	chr17	72251116	72251138	1	-1
GGCACTGCGGCTGGAGGTGGGGG	GGCACTGCAGCCTGGGGGTGGGG	chr10	126752482	126752504	1	-1
GGCACTGCGGCTGGAGGTGGGGG	AGCACTGGGGATGGAGGTGTAGG	chr5	96338742	96338764	1	+1
GGCACTGCGGCTGGAGGTGGGGG	GGCGCTGCGGCCGGAGGTGGGGC	chr17	29815557	29815579	1	-1
GGCACTGCGGCTGGAGGTGGGGG	GCCACTGCGACTGGAGGAGGGGG	chr7	139244390	139244412	1	+1
GGCACTGCGGCTGGAGGTGGGGG	GGCACTTCGGTTGGGGGTGGGGG	chr2	152827909	152827931	1	-1
GGCACTGCGGCTGGAGGTGGGGG	GGCTCTGTGGCCGGAGGAGGCGG	chr5	1832932	1832954	1	-1
GGCACTGCGGCTGGAGGTGGGGG	AGCACTGCAGATGGAGGAGGCGG	chr20	60080537	60080559	1	+1
GGCACTGCGGCTGGAGGTGGGGG	GGCACTGCCACTGGGGGTGAGGG	chr14	24740254	24740276	1	+1
GGCACTGCGGCTGGAGGTGGGGG	GGTACAGCGGCTGGGGGAGGCGG	chr14	21993449	21993471	1	-1
GGCACTGCGGCTGGAGGTGGGGG	GGCACTGGGGCAGGAGATGGGGG	chr9	136602364	136602386	1	-1
GGCACTGCGGCTGGAGGTGGGGG	GACACAGTGGCTGGAGGTGTGGG	chr6	51500456	51500478	1	+1
GGCACTGCGGCTGGAGGTGGGGG	GGCACTGAATCTGGAGGTGGGGG	chr3	52035826	52035848	1	-1
GGCACTGCGGCTGGAGGTGGGGG	GACACTGCAGCTGGAGGTGGGGT	chr8	144781295	144781317	1	-1
GGCACTGCGGCTGGAGGTGGGGG	GGCACTCTGGCTGGAGCTGGGGG	chr14	95761243	95761265	1	-1
GGCACTGCGGCTGGAGGTGGGGG	GTAACTGCGGCTGGCGGTGGTGG	chr10	73435242	73435264	1	-1
GGCACTGCGGCTGGAGGTGGGGG	GGCACAATGGCTGGAGGTGAAGG	chr8	119227129	119227151	1	+1
GGCACTGCGGCTGGAGGTGGGGG	GGCGCTGCGGCTGGAGCCGGCGG	chr1	204463905	204463927	1	-1
GGCACTGCGGCTGGAGGTGGGGG	CAGACTGCGGCAGGGGGTGGCGG	chr17	16982369	16982391	1	+1
GGCACTGCGGCTGGAGGTGGGGG	GACACAACGGCAGGAGGTGGCGG	chr5	3606813	3606835	1	+1
GGCACTGCGGCTGGAGGTGGGGG	GGCACTGAGACCAGAGGTGGTGG	chr20	24376040	24376062	1	+1
GGCACTGCGGCTGGAGGTGGGGG	GTCACTGCGGCTGCAGATGGCGG	chr20	61810733	61810755	1	-1
GGCACTGCGGCTGGAGGTGGGGG	AGCACTGTAGCAAGAGGTGGAGG	chr15	34081529	34081551	1	+1
GGCACTGCGGCTGGAGGTGGGGG	GGCACAGCAGGTGGAGGTGGAGG	chr3	23651513	23651535	1	+1
GGCACTGCGGCTGGAGGTGGGGG	GGCACCGCGGCCGGAGCTGTGGG	chr3	52321867	52321889	1	+1
GGCACTGCGGCTGGAGGTGGGGG	GGCACGGAGGCTGGAAGTGGGGG	chr3	184289219	184289241	1	-1
GGCACTGCGGCTGGAGGTGGGGG	AGCACTGTGCCTGGGGGTGGGGG	chr20	37471337	37471359	1	-1
GGCACTGCGGCTGGAGGTGGGGG	GGCACTGCAACTGGAAGTGATGG	chr15	60790545	60790567	1	+1
GGCACTGCGGCTGGAGGTGGGGG	GGCTCTGTGGCTGGAGGAGGTGG	chr3	51725446	51725468	1	-1
GGCACTGCGGCTGGAGGTGGGGG	AGCACCGCTGCTGGGGGCGGGGG	chrX	123096961	123096983	1	+1
GGCACTGCGGCTGGAGGTGGGGG	GACACTAGGGCAGGAGGTGGAGG	chr22	35746277	35746299	1	-1
GGCACTGCGGCTGGAGGTGGGGG	AGCACAGCAGCTGCAGGTGGGGG	chr22	49132886	49132908	1	+1
GGCACTGCGGCTGGAGGTGGGGG	GGCACTGCAGACGGAGGTGTGGG	chr16	1029961	1029983	1	+1
GGCACTGCGGCTGGAGGTGGGGG	GGGGCTGCGGCCGGAGGTGGTGG	chr2	241640848	241640870	1	-1
GGCACTGCGGCTGGAGGTGGGGG	TACACTGCGGCCGGGAGTGGTGG	chr9	138465745	138465767	1	-1
GGCACTGCGGCTGGAGGTGGGGG	GGCACTGGGGCTGGGGGTGCAGG	chr6	33611478	33611500	1	-1
GGCACTGCGGCTGGAGGTGGGGG	GGCACTGTGGCAAGAGGTGGGAG	chr4	183980131	183980153	1	-1
GGCACTGCGGCTGGAGGTGGGGG	GGCACTGCGGGAGGAGGTGGGCG	chr16	89469235	89469257	1	+1
GGCACTGCGGCTGGAGGTGGGGG	GGCGCAGCGGCTGGAGGAGGTGC	chr15	101714907	101714929	1	+1
GGCACTGCGGCTGGAGGTGGGGG	GGCCCTGCGGCTGGAGATATGGG	chr12	113935444	113935466	1	+1
GGCACTGCGGCTGGAGGTGGGGG	AGCACAGCGGCTGGAGAAGGCAG	chr12	48045640	48045662	1	-1
GGCACTGCGGCTGGAGGTGGGGG	GGCACTGCAGCAGGGGATGGGGG	chr9	74103949	74103971	1	-1
GGCACTGCGGCTGGAGGTGGGGG	TGCACTGCAGCTGCAGGTGGAGG	chr9	5020574	5020596	1	+1
GGCACTGCGGCTGGAGGTGGGGG	AGCACTGCGCTTGGGGGTGGGGG	chr22	43768258	43768280	1	+1
GGCACTGCGGCTGGAGGTGGGGG	GGAACGGCGGCCGGAGGTGTAGG	chr12	131356921	131356943	1	-1
GGCACTGCGGCTGGAGGTGGGGG	GGCACTGAGAAAGGAGGTGGAGG	chr12	55427936	55427958	1	+1
GGCACTGCGGCTGGAGGTGGGGG	AAGACTGGGGCTGGAGGTGGGGG	chr4	82962277	82962299	1	+1
GGCACTGCGGCTGGAGGTGGGGG	GGCAGTGCGGCTGGAGCTGCGGG	chr21	46875419	46875441	1	-1
GGCACTGCGGCTGGAGGTGGGGG	GGCACTGGGGCTGGAGACGGGGG	chr8	20854494	20854516	1	-1
GGCACTGCGGCTGGAGGTGGGGG	GGCACTGCGGCCAGAGGGAGCGG	chr19	15302530	15302552	1	-1
GGCACTGCGGCTGGAGGTGGGGG	GACACTAAGGCTGGAGGTGGGGA	chr14	63796582	63796604	1	-1
GGCACTGCGGCTGGAGGTGGGGG	AGCACAGAGGCTGGAGGTGGGGT	chr2	96016373	96016395	1	+1
GGCACTGCGGCTGGAGGTGGGGG	GGCAGTCCGGATGGAGGTGGGGG	chr3	142741799	142741821	1	-1
GGCACTGCGGCTGGAGGTGGGGG	TGCTCTGCGGCAGGAGGAGGAGG	chr15	71686922	71686944	1	-1
GGCACTGCGGCTGGAGGTGGGGG	CCCACTGTGGCTGGAGGTGTGGG	chr20	60174554	60174576	1	+1
GGCACTGCGGCTGGAGGTGGGGG	GGCACTACAGCTGGAGGTGGCAA	chr1	160016379	160016401	1	-1
GGCACTGCGGCTGGAGGTGGGGG	GGCACAGGGGCTGAAGGTGATGG	chr9	111305497	111305519	1	+1
GGCACTGCGGCTGGAGGTGGGGG	GACACTGTGGCTGGAAGTGGAAG	chr3	130508519	130508541	1	-1
GGCACTGCGGCTGGAGGTGGGGG	GGCACTGCGGGTGGAGGCGGGGG	chr18	37194552	37194574	1	-1
GGCACTGCGGCTGGAGGTGGGGG	GCCACCGCGGCAGGAGGCGGAGG	chr5	54469265	54469287	1	+1
GGCACTGCGGCTGGAGGTGGGGG	AGCTCTGTGGCTGGAGGTGTGAG	chr6	158452372	158452394	1	+1
GGCACTGCGGCTGGAGGTGGGGG	GGCACTGGGTCTGAAGGTGGAGG	chr7	157443376	157443398	1	+1
GGCACTGCGGCTGGAGGTGGGGG	GACACTGCCTCTGGGGGTGGGGG	chr12	54977718	54977740	1	+1
GGCACTGCGGCTGGAGGTGGGGG	GGCCCTGGGGCTGGAGGTGTTGG	chr9	140205560	140205582	1	+1
GGCACTGCGGCTGGAGGTGGGGG	GACACCGTGACTGGAGGTGGAGG	chr2	45247398	45247420	1	-1
GGCACTGCGGCTGGAGGTGGGGG	AACACTGTGGCCGGGGGTGGTGG	chr13	41969952	41969974	1	-1
GGCACTGCGGCTGGAGGTGGGGG	GGCACCAGGCCTGGAGGTGTGGG	chr22	27650931	27650953	1	-1
GGCACTGCGGCTGGAGGTGGGGG	GGCACTGAGGCCGGAGGAGGAAG	chr1	1956135	1956157	1	+1
GGCACTGCGGCTGGAGGTGGGGG	GGCACTGGGAATGGAGGTTGGGG	chr2	98637976	98637998	1	-1
GGCACTGCGGCTGGAGGTGGGGG	GGCACTGGGGCAGGAGTTGGGGG	chr3	66705558	66705580	1	+1
GGCACTGCGGCTGGAGGTGGGGG	AGCACTGCAGCGGGAGGTGAGAG	chr1	12259802	12259824	1	-1
GGCACTGCGGCTGGAGGTGGGGG	CAGGCTGCGCCTGGAGGTGGGGG	chr22	51011671	51011693	1	+1
GGCACTGCGGCTGGAGGTGGGGG	GGCACCGAGGCCGGAGGTGCTGG	chr13	48891648	48891670	1	-1
GGCACTGCGGCTGGAGGTGGGGG	GGCACCTTGGCTGAAGGTGGGGG	chr17	38478442	38478464	1	-1
GGCACTGCGGCTGGAGGTGGGGG	TGCACCGCGGCTGGGGCTGGAGG	chr7	139625	139647	1	-1
GGCACTGCGGCTGGAGGTGGGGG	AGAACTGCTGCTGGAGGTGGTGG	chr1	44397926	44397948	1	-1
GGCACTGCGGCTGGAGGTGGGGG	AGCACAGCGACTGAAGGTGAGGG	chr6	13588029	13588051	1	-1
GGCACTGCGGCTGGAGGTGGGGG	GGCCCTGCGGCCGGGGGTGGAGA	chr7	95064064	95064086	1	-1
GGCACTGCGGCTGGAGGTGGGGG	GCCACTGGGGCTGGAGGGGGAGG	chr7	29233950	29233972	1	-1
GGCACTGCGGCTGGAGGTGGGGG	AGCACCATGGCTAGAGGTGTGGG	chr6	40975963	40975985	1	-1
GGCACTGCGGCTGGAGGTGGGGG	GGGCATGCGGCTGGAAGTGGTGG	chr22	41620056	41620078	1	+1
GGCACTGCGGCTGGAGGTGGGGG	GGCACAGGGGCTGGAGGTGGGGC	chr3	195550466	195550488	1	-1
GGCACTGCGGCTGGAGGTGGGGG	GGGCACGCGGCTGGAGGAGGGGG	chr6	41374168	41374190	1	+1
GGCACTGCGGCTGGAGGTGGGGG	GGCACTGCAGCTGGCGGTGCTGG	chr1	150530472	150530494	1	-1
GGCACTGCGGCTGGAGGTGGGGG	TGCACTGTGGCTGGAGATGGGGG	chr17	176296	176318	1	-1
GGCACTGCGGCTGGAGGTGGGGG	CACACTGCGGCCGGAGGTGACCG	chr19	12721958	12721980	1	-1
GGCACTGCGGCTGGAGGTGGGGG	GGCAGGGCGGCTGGAGGAGGTGG	chr17	64544860	64544882	1	+1
GGCACTGCGGCTGGAGGTGGGGG	GGCACTGAGGCTGCAGGCGGCGG	chr5	139284041	139284063	1	-1
GGCACTGCGGCTGGAGGTGGGGG	GCTGCTGCGGCTGGAGGTGGGGA	chr7	150498853	150498875	1	-1
GGCACTGCGGCTGGAGGTGGGGG	GCCACTGGGCCTGGGGGTGGGGG	chr17	1007814	1007836	1	+1
GGCACTGCGGCTGGAGGTGGGGG	GCCACTGAGGCCGGAGGTGGAGA	chrX	152805647	152805669	1	-1
GGCACTGCGGCTGGAGGTGGGGG	AGCACTGGGGCCAGAGGTGAGGG	chr16	67742843	67742865	1	+1
GGCACTGCGGCTGGAGGTGGGGG	GGCGCTGCGGCCCGAGGGGGTGG	chr6	10416015	10416037	1	-1
GGCACTGCGGCTGGAGGTGGGGG	AGCACTGTTACAGGAGGTGGGGG	chr20	22805408	22805430	1	-1
GCCTCTTTCCCACCCACCTTGGG	ACCTCTTTCCATCCCACCTTGGG	chr4	181516460	181516482	1	-1
GCCTCTTTCCCACCCACCTTGGG	ACCTCTTCCCTCCCCACCTTTGG	chr3	459986	460008	1	-1
GCCTCTTTCCCACCCACCTTGGG	GACTCTTTTCCACCCACCCTAGG	chr17	2317765	2317787	1	-1
GCCTCTTTCCCACCCACCTTGGG	ACCTCCATCCTCCCCACCTTGGG	chr1	33603499	33603521	1	+1
GCCTCTTTCCCACCCACCTTGGG	TGCTCTTCCCCACCCACCCAAGG	chr22	39189822	39189844	1	-1
GCCTCTTTCCCACCCACCTTGGG	GCCCCTCCCCCACCCACCCTGGG	chr11	2223683	2223705	1	+1
GCCTCTTTCCCACCCACCTTGGG	CACCCTTCCCCACCCACCCTGGG	chr1	234239132	234239154	1	-1
GCCTCTTTCCCACCCACCTTGGG	ACCCCTTCCCCACCTACCTTGGG	chr19	1417534	1417556	1	-1
GCCTCTTTCCCACCCACCTTGGG	ACCCCTTCCCCACTCACCTCCGG	chr7	141351404	141351426	1	-1
GCCTCTTTCCCACCCACCTTGGG	ACCTCCTTCCCGCCCACCTGGGG	chr8	143626842	143626864	1	+1
GCCTCTTTCCCACCCACCTTGGG	GCCTCTCCCCACCCACCCTTGGC	chr7	103631170	103631192	1	+1
GCCTCTTTCCCACCCACCTTGGG	GCCCCTTACCCATCCACCCTGGG	chr22	17622274	17622296	1	+1
GCCTCTTTCCCACCCACCTTGGG	GGCTCCTCCTCACCCACCTCTGG	chr14	104164611	104164633	1	-1
GCCTCTTTCCCACCCACCTTGGG	GCCCCTACCCCACCCACCTGGGT	chr11	65384477	65384499	1	-1
GCCTCTTTCCCACCCACCTTGGG	GCTTCTTCCCCACCCACACTTGG	chr12	103218297	103218319	1	-1
GCCTCTTTCCCACCCACCTTGGG	ACCTCTTATCCACCCACCTTGGC	chr17	37542361	37542383	1	-1
GCCTCTTTCCCACCCACCTTGGG	GTGTATTCCCCACCCACCTTGGG	chr6	40034052	40034074	1	+1
GCCTCTTTCCCACCCACCTTGGG	GCCCCTTCCCCACCCACCCTGTG	chr16	87367076	87367098	1	-1
GCCTCTTTCCCACCCACCTTGGG	ACCTTGTCCCCACCCACCAGGGG	chr19	48975562	48975584	1	+1
GCCTCTTTCCCACCCACCTTGGG	GTCTCTTTCCCATCCACCTTTGA	chr20	3557916	3557938	1	+1
GCCTCTTTCCCACCCACCTTGGG	TCCTCTTCTCCACCCACCATAGG	chr11	116558848	116558870	1	+1
GCCTCTTTCCCACCCACCTTGGG	TTCTCTTCCCCACCCACCTTTGA	chr4	26433107	26433129	1	+1
GCCTCTTTCCCACCCACCTTGGG	GCCTCTTTACCACCTCACCTTGG	chr13	49046027	49046049	1	+1
GCCTCTTTCCCACCCACCTTGGG	GCCTCTTCCACACCCACCCTGGG	chr7	112930544	112930566	1	+1
GCCTCTTTCCCACCCACCTTGGG	GTCTCTTTCTCACCCACTTTGGG	chr17	6807481	6807503	1	-1
GCCTCTTTCCCACCCACCTTGGG	TCCTCTTCTCCACCCACCTCTGG	chr1	64992489	64992511	1	+1
GCCTCTTTCCCACCCACCTTGGG	ACGTCTTCCCCACCCACCTGGGG	chr11	94992860	94992882	1	-1
GCCTCTTTCCCACCCACCTTGGG	TCCTCTCTCCCACCCACCTCCGG	chr15	75746654	75746676	1	-1
GCCTCTTTCCCACCCACCTTGGG	CCCTCCTTCCCACCCACTTTGGG	chr7	155931151	155931173	1	-1
GCCTCTTTCCCACCCACCTTGGG	TCCTCCTCCCCACCCACCTTCAG	chr12	47002982	47003004	1	-1
GCCTCTTTCCCACCCACCTTGGG	CACCCTTTCCCATCCACCTTTGG	chr7	38350353	38350375	1	+1
GCCTCTTTCCCACCCACCTTGGG	GCCCCTGCCCCACCCACCTGTGG	chr7	158888725	158888747	1	+1
GCCTCTTTCCCACCCACCTTGGG	ACTTCCTTCCCACCCACCTTCAG	chr14	78583283	78583305	1	-1
GTCACCTCCAATGACTAGGGTGG	GTCACCTTAAATGACTTGGGAAG	chr5	6030658	6030680	1	+1
GTCACCTCCAATGACTAGGGTGG	GCTACCTCCAGTGACTAGGGAAG	chr1	187444966	187444988	1	-1
GTCACCTCCAATGACTAGGGTGG	GTCAACTCCAATGGCTTGGGAGG	chr5	79944479	79944501	1	-1
GTCACCTCCAATGACTAGGGTGG	GTCACTTCCAAGGACTAGAGAAG	chr8	23707545	23707567	1	+1
GTCACCTCCAATGACTAGGGTGG	GTCACCTCCACTTCCTAGGGCAG	chr2	238330227	238330249	1	-1
GTCACCTCCAATGACTAGGGTGG	TTCACCTCCAAAAACTAGGGAAG	chr2	127923701	127923723	1	-1
GTCACCTCCAATGACTAGGGTGG	GTCAACTCCAATGATTAGGACAG	chr13	41588766	41588788	1	-1
GTCACCTCCAATGACTAGGGTGG	GTCACCTCCAGGGTCTAGGGCAG	chr8	129424273	129424295	1	+1
GAACACAAAGCATAGACTGCGGG	AAACATAAAGCATAGACTGCAAA	chr10	87125359	87125381	1	-1
GAACACAAAGCATAGACTGCGGG	GAACACAATGCATAGATTGCCGG	chr4	90522167	90522189	1	+1
GAGTCCGAGCAGAAGAAGAAGGG	GAGTCCCAGAAGAAGAAAAAAAG	chr1	151721358	151721380	1	-1
GAGTCCGAGCAGAAGAAGAAGGG	GAGGCCCAGCAGAGGAAGAAGAG	chr9	72006953	72006975	1	-1
GAGTCCGAGCAGAAGAAGAAGGG	TCATCCAAGCAGAAGAAGAAGAG	chr3	95690180	95690202	1	-1
GAGTCCGAGCAGAAGAAGAAGGG	AAGTCTGAGCAGAAGAAGCACAG	chr6	153159573	153159595	1	+1
GAGTCCGAGCAGAAGAAGAAGGG	GAGTAGGAGCAGGAGAAGAAGGA	chr13	27769641	27769663	1	+1
GAGTCCGAGCAGAAGAAGAAGGG	GAGTCCAAGCAGTAGAGGAAGGG	chr19	24250497	24250519	1	-1
GAGTCCGAGCAGAAGAAGAAGGG	ACGTCTGAGCAGAAGAAGAATGG	chr6	9118793	9118815	1	-1
GAGTCCGAGCAGAAGAAGAAGGG	AAGTCCGAGGAGAGGAAGAAAGG	chr1	23720612	23720634	1	-1
GAGTCCGAGCAGAAGAAGAAGGG	GAGTCCCAGGAGAAGAAAAACAG	chr17	43606168	43606190	1	+1
GAGTCCGAGCAGAAGAAGAAGGG	GAGTCCCAGGAGAAGAAAAACAG	chr17	45117128	45117150	1	-1
GAGTCCGAGCAGAAGAAGAAGGG	GAGCCGGAGCAGAAGAAGGAGGG	chr5	146833184	146833206	1	-1
GAGTCCGAGCAGAAGAAGAAGGG	GAGTTTGAGTAGAAGAAGAAGAG	chr1	221522608	221522630	1	+1
GAGTCCGAGCAGAAGAAGAAGGG	GAGTCCCAGCAGAGGAAGCAGAG	chr6	138633716	138633738	1	-1
GAGTCCGAGCAGAAGAAGAAGGG	AAGTCCCGGCAGAGGAAGAAGGG	chr15	100292462	100292484	1	+1
GAGTCCGAGCAGAAGAAGAAGGG	GAGTAGGAGGAGAAGAAGAAAGG	chr4	31076549	31076571	1	-1
GAGTCCGAGCAGAAGAAGAAGGG	GAGTCCGAGAAAATGAAGAAGAG	chr8	4139891	4139913	1	-1
GAGTCCGAGCAGAAGAAGAAGGG	AAGTCAGAGCAGAAAAAGAGAGG	chr6	110491397	110491419	1	+1
GAGTCCGAGCAGAAGAAGAAGGG	GAATCCAAGCAGGAGAAGAAGGA	chr3	5031598	5031620	1	+1
GAGTCCGAGCAGAAGAAGAAGGG	GATTCCTACCAGAAGAAGAATGG	chr1	225534267	225534289	1	+1
GAGTCCGAGCAGAAGAAGAAGGG	GAGTCCGGGAAGGAGAAGAAAGG	chrX	53467705	53467727	1	-1
GAGTCCGAGCAGAAGAAGAAGGG	AAGTCAGAGGAGAAGAAGAAGGG	chr15	61646861	61646883	1	+1
GAGTCCGAGCAGAAGAAGAAGGG	GAGTCTGGGCAGGAGAAGAAGAG	chr6	27041113	27041135	1	-1
GAGTCCGAGCAGAAGAAGAAGGG	GAGTAAGAGAAGAAGAAGAAGGG	chr4	87256686	87256708	1	-1
GAGTCCGAGCAGAAGAAGAAGGG	GAGTCTAAGCAGGAGAATAAAGG	chr2	218378102	218378124	1	-1
GAGTCCGAGCAGAAGAAGAAGGG	GAGGCCGAGCAGAAGAAAGACGG	chr2	219845056	219845078	1	+1
GAGTCCGAGCAGAAGAAGAAGGG	AAGTCTGAGCACAAGAAGAATGG	chr5	9227146	9227168	1	+1
GAGTCCGAGCAGAAGAAGAAGGG	GAGTCCTAGCAGGAGAAGAAGAG	chr8	128801242	128801264	1	+1
GAGTCCGAGCAGAAGAAGAAGGG	GAGTCTAAGCAGAAGAAGAAGAG	chr15	44109747	44109769	1	+1
GAGTCCGAGCAGAAGAAGAAGGG	GAGTTAGAGCAGAAGAAGAAAGG	chr5	45359061	45359083	1	-1
GAGTCCGAGCAGAAGAAGAAGGG	AAGTCCGAGAAGAAGCAGAAAAG	chr1	6406534	6406556	1	+1
GAGTCCGAGCAGAAGAAGAAGGG	AAGCCCGAGCAAAGGAAGAAAGG	chr11	43747932	43747954	1	+1
GAGTCCGAGCAGAAGAAGAAGGG	GAGTCCCAGCAAAAGAAGAAAAG	chr14	48932103	48932125	1	+1
GAGTCCGAGCAGAAGAAGAAGGG	GAGTCCAAGCAGAGGAAGGATAG	chr16	30014807	30014829	1	+1
GAGTCCGAGCAGAAGAAGAAGGG	GAGAGCAAGCAGAAGAAGAAAAG	chr18	49737929	49737951	1	+1
GAGTCCGAGCAGAAGAAGAAGGG	GAGTTCCAGAAGAAGAAGAAGAG	chr1	59750243	59750265	1	+1
GAGTCCGAGCAGAAGAAGAAGGG	GAGTACTAGAAGAAGAAGAAAAG	chr6	89577408	89577430	1	+1
GAGTCCGAGCAGAAGAAGAAGGG	GAGTCAGAACAGAAGAACAACAG	chr5	11216536	11216558	1	+1
GAGTCCGAGCAGAAGAAGAAGGG	GAGTCAGAGCAGAACTAGAAGGG	chr2	199919470	199919492	1	+1
GAGTCCGAGCAGAAGAAGAAGGG	GACTCCTAGCAAAAGAAGAATGG	chr12	119985925	119985947	1	-1
GAGTCCGAGCAGAAGAAGAAGGG	GAGTCTGAACGGAAGAAGAAAAG	chr1	216556083	216556105	1	+1
GAGTCCGAGCAGAAGAAGAAGGG	GAGTCAGACCAGGAGAAGAAGAG	chr2	115143876	115143898	1	-1
GAGTCCGAGCAGAAGAAGAAGGG	GAGTCCAAGAAGAATAAGAATAG	chr3	83215021	83215043	1	-1
GAGTCCGAGCAGAAGAAGAAGGG	GAATCCAAGCAGAAGAAGAGAAG	chr11	62365267	62365289	1	-1
GAGTCCGAGCAGAAGAAGAAGGG	GAGTCCCAGGAGAAGAAGAGAGG	chr17	54421037	54421059	1	-1
GAGTCCGAGCAGAAGAAGAAGGG	GAGCACGAGCAAGAGAAGAAGGG	chr10	58848712	58848734	1	+1
CCCTGTGTCTCTGGATGGATGGG	CCCTGTGTCTCTGGGTGGAAGAG	chrX	90817726	90817748	1	+1
GGAATCCCTTCTGCAGCACCTGG	TGAATCCCATCTCCAGCACCAGG	chr10	73463119	73463141	1	+1
GGAATCCCTTCTGCAGCACCTGG	GGAACCCCGTCTGCAGCACCAGG	chr18	8707522	8707544	1	-1
GGAATCCCTTCTGCAGCACCTGG	GGAGTCCCTCCTACAGCACCAGG	chr10	37953183	37953205	1	+1
GGAATCCCTTCTGCAGCACCTGG	GGAGTCCCTCCTACAGCACCAGG	chr10	43410014	43410036	1	+1
GGAATCCCTTCTGCAGCACCTGG	AGAGGCCCCTCTGCAGCACCAGG	chr17	78923961	78923983	1	+1
GGAATCCCTTCTGCAGCACCTGG	ACCATCCCTCCTGCAGCACCAGG	chrX	86355163	86355185	1	+1
GGAATCCCTTCTGCAGCACCTGG	GGATTGCCATCCGCAGCACCTGG	chr6	143382080	143382102	1	-1
GGAATCCCTTCTGCAGCACCTGG	GGAGTCCCTCCTGCAGCACCTGA	chr16	49671019	49671041	1	-1
GGTGAGTGAGTGTGTGCGTGTGG	CGCGAGTGAGTGTGTGCGCGGGG	chr3	71632803	71632825	1	-1
GGTGAGTGAGTGTGTGCGTGTGG	TGTGGGTGAGTGTGTGCGTGAGA	chr9	23824548	23824570	1	-1
GGTGAGTGAGTGTGTGCGTGTGG	GGTGAGTGTGTGTGTGCATGTGG	chr2	177463420	177463442	1	-1
GGTGAGTGAGTGTGTGCGTGTGG	AGCGAGTGGGTGTGTGCGTGGGG	chr14	74353480	74353502	1	+1
GGTGAGTGAGTGTGTGCGTGTGG	AGTGAGTATGTGTGTGTGTGGGG	chr10	5749651	5749673	1	-1
GGTGAGTGAGTGTGTGCGTGTGG	ACTGTGTGAGTGTGTGCGTGAGG	chr19	40561861	40561883	1	-1
GGTGAGTGAGTGTGTGCGTGTGG	TGTGAGTAAGTGTGTGTGTGTGG	chr14	62078767	62078789	1	-1
GGTGAGTGAGTGTGTGCGTGTGG	AGAGAGTGAGTGTGTGCATGAGG	chr5	89440963	89440985	1	-1
GGTGAGTGAGTGTGTGCGTGTGG	GGTGAGTGAGTGCGTGCGGGTGG	chr11	68851126	68851148	1	+1
GGTGAGTGAGTGTGTGCGTGTGG	GCTGAGTGAGTGTATGCGTGTGG	chr22	37662818	37662840	1	-1
GGTGAGTGAGTGTGTGCGTGTGG	TGTGGGTGAGTGTGTGCGTGAGG	chr5	115434659	115434681	1	+1
GGTGAGTGAGTGTGTGCGTGTGG	AGTGAGTGAGTGTGTGTGTGGGG	chr14	65569153	65569175	1	-1
GGTGAGTGAGTGTGTGCGTGTGG	GGTGAGTAAGTGTGAGCGTAAGG	chr18	74103158	74103180	1	+1
GGTGAGTGAGTGTGTGCGTGTGG	AGTGAATGAGTGTGTGTGTGTGG	chr3	193993878	193993900	1	-1
GGTGAGTGAGTGTGTGCGTGTGG	GGTGAGTGAGTGTGTGTGTGAGG	chr14	106029015	106029037	1	+1
GGTGAGTGAGTGTGTGCGTGTGG	GTAGAGTGAGTGTGTGTGTGTGG	chr8	48997789	48997811	1	+1
GGTGAGTGAGTGTGTGCGTGTGG	AGTGTGTGAGTGTGTGCGTGTGG	chr20	20178278	20178300	1	-1
GGTGAGTGAGTGTGTGCGTGTGG	GTTGAGTGAATGTGTGCGTGAGG	chr10	98760582	98760604	1	-1
GGTGAGTGAGTGTGTGCGTGTGG	AGTGAGTGAGTGAGTGAGTGGGG	chr11	79178506	79178528	1	+1
GGTGAGTGAGTGTGTGCGTGTGG	GGTGTGTGAGTGTGTGTGTGTGG	chr22	49739984	49740006	1	+1
GGTGAGTGAGTGTGTGCGTGTGG	TGTGAGTGAGTGTGTGTATGGGG	chr5	29367373	29367395	1	-1
GGTGAGTGAGTGTGTGCGTGTGG	AGTGAGTGAGTGAGTGAGTGAGG	chr4	58326591	58326613	1	+1
GGTGAGTGAGTGTGTGCGTGTGG	AGTGAGTGAGTGAGTGAGTGAGG	chr7	152671372	152671394	1	-1
GGTGAGTGAGTGTGTGCGTGTGG	AGTGAGTGAGTGAGTGAGTGAGG	chr5	6007216	6007238	1	+1
GGTGAGTGAGTGTGTGCGTGTGG	TGTGGGTGAGCATGTGCGTGAGG	chr13	114882983	114883005	1	+1
GGTGAGTGAGTGTGTGCGTGTGG	GGTGGATGAGTGTGTGTGTGGGG	chr12	6937039	6937061	1	+1
GGTGAGTGAGTGTGTGCGTGTGG	TGTGAGTGAGTGTGTGCGTGTGA	chr16	80016314	80016336	1	+1
GGTGAGTGAGTGTGTGCGTGTGG	CATGAGTGAGTGTGTGGGTGGGG	chr19	1716775	1716797	1	+1
GGTGAGTGAGTGTGTGCGTGTGG	GATGAGTGAGTGAGTGAGTGGGG	chr6	157078321	157078343	1	-1
GGTGAGTGAGTGTGTGCGTGTGG	AGCGAGTGAGTGTGTGTGTGGGG	chr9	18733629	18733651	1	-1
GGTGAGTGAGTGTGTGCGTGTGG	GGAGAGTGAGTGTGTGTGTGAGA	chr5	130857596	130857618	1	-1
GGTGAGTGAGTGTGTGCGTGTGG	GGTGAGTCAGTGTGTGAGTGAGG	chr2	73317044	73317066	1	-1
GGTGAGTGAGTGTGTGCGTGTGG	CTGGAGTGAGTGTGTGTGTGTGG	chr19	47732486	47732508	1	-1
GGTGAGTGAGTGTGTGCGTGTGG	AATGAGTGAGTGTGTGTGTGTGA	chr16	73585909	73585931	1	+1
GGTGAGTGAGTGTGTGCGTGTGG	AGTGAGAAAGTGTGTGCATGCGG	chr2	18696208	18696230	1	+1
GGTGAGTGAGTGTGTGCGTGTGG	GGAGAGTGAGTGTGTGCATGTGC	chr1	181557187	181557209	1	+1
GGTGAGTGAGTGTGTGCGTGTGG	AGTGAGTGAGTGTGAGTGCGGGG	chr8	67579421	67579443	1	-1
GGTGAGTGAGTGTGTGCGTGTGG	GGTGAATGAGTGTGTGCTCTGGG	chr16	84032640	84032662	1	-1
GGTGAGTGAGTGTGTGCGTGTGG	AGGGAGTGACTGTGTGCGTGTGG	chr10	130228337	130228359	1	+1
GGTGAGTGAGTGTGTGCGTGTGG	TGTGAGAGAGAGTGTGCGTGTGG	chr1	47690888	47690910	1	-1
GGTGAGTGAGTGTGTGCGTGTGG	AGTGAGTGAGTGTGTGTGTGAGA	chr3	5104934	5104956	1	-1
GGTGAGTGAGTGTGTGCGTGTGG	GGTGAGCAAGTGTGTGTGTGTGG	chr2	230506235	230506257	1	-1
GGTGAGTGAGTGTGTGCGTGTGG	CGTGAGTGAGTGTGTACCTGGGG	chr20	50724388	50724410	1	+1
GGTGAGTGAGTGTGTGCGTGTGG	GGTGGATGACTGTGTGTGTGGGG	chr11	75147763	75147785	1	+1
GGTGAGTGAGTGTGTGCGTGTGG	AGTGAGTAAGTGAGTGAGTGAGG	chr7	51294262	51294284	1	+1
GGTGAGTGAGTGTGTGCGTGTGG	GGTGTATGAGTGTGTGTGTGAGG	chr8	143890810	143890832	1	+1
GGTGAGTGAGTGTGTGCGTGTGG	TGTGAGTGAGTATGTACATGTGG	chr17	33323252	33323274	1	+1
GGTGAGTGAGTGTGTGCGTGTGG	GATGAGTGTGTGTGTGTGTGAGG	chr4	62067613	62067635	1	-1
GGTGAGTGAGTGTGTGCGTGTGG	AGTGAGTGAGTGTGTGTGTGTGA	chr16	12264596	12264618	1	+1
GGTGAGTGAGTGTGTGCGTGTGG	TGTGAGTGGGTGTGTGTGTGGGG	chr19	17594217	17594239	1	+1
GGTGAGTGAGTGTGTGCGTGTGG	GGTGAGAGAGTGTGTGCGTAGGA	chr16	74898114	74898136	1	-1
GGTGAGTGAGTGTGTGCGTGTGG	TGTGGGTGAGTGTGTGTGTGTGG	chr1	48305032	48305054	1	-1
GGTGAGTGAGTGTGTGCGTGTGG	TGTGAGTGAGTGTGTGTGTGTGA	chr14	58118427	58118449	1	+1
GGTGAGTGAGTGTGTGCGTGTGG	TGTGAGTGAGTGTGTGTGTGTGA	chr8	22932497	22932519	1	-1
GGTGAGTGAGTGTGTGCGTGTGG	TGTGAGTGAGTGTGTGTGTGTGA	chr17	78954424	78954446	1	+1
GGTGAGTGAGTGTGTGCGTGTGG	TGTGAGTGAGTGTGTGTGTGTGA	chr19	6109016	6109038	1	+1
GGTGAGTGAGTGTGTGCGTGTGG	TGTGAGTGAGTGTGTGTGTGTGA	chr15	92864206	92864228	1	-1
GGTGAGTGAGTGTGTGCGTGTGG	TGTGAGTGAGTGTGTGTGTGTGA	chr14	93037883	93037905	1	-1
GGTGAGTGAGTGTGTGCGTGTGG	GGTGTGTGGGTGGGGGTGTGTGG	chr18	14871134	14871156	1	-1
GGTGAGTGAGTGTGTGCGTGTGG	GGTGTGTGGGTGGGGGTGTGTGG	chr21	14740766	14740788	1	+1
GGTGAGTGAGTGTGTGCGTGTGG	GGTGTGTGGGTGGGGGTGTGTGG	chr5	177531655	177531677	1	+1
GGTGAGTGAGTGTGTGCGTGTGG	GGTGTGTGGGTGGGGGTGTGTGG	chr5	180713477	180713499	1	-1
GGTGAGTGAGTGTGTGCGTGTGG	GGTGTGTGGGTGGGGGTGTGTGG	chr18	14871044	14871066	1	-1
GGTGAGTGAGTGTGTGCGTGTGG	GGTGTGTGGGTGGGGGTGTGTGG	chr5	177240033	177240055	1	-1
GGTGAGTGAGTGTGTGCGTGTGG	AGGGAGTGAGTGTGAGAGTGCGG	chr6	144458274	144458296	1	+1
GGTGAGTGAGTGTGTGCGTGTGG	TGTGAGAGAGTGTGTGTGTGGAG	chr9	139223442	139223464	1	+1
GGTGAGTGAGTGTGTGCGTGTGG	GGGGGGTGAGTGTGTGTGTGGGG	chr1	32738747	32738769	1	+1
GGTGAGTGAGTGTGTGCGTGTGG	GGTGAGAGAGTGTGTGCACGGGG	chr22	43939280	43939302	1	+1
GGCCAGGCTTTGGGGAGGCCTGG	CGCCAGGCTCAGGGGAGGCCCGG	chr12	119612858	119612880	1	-1
GGCCAGGCTTTGGGGAGGCCTGG	AGACAGGCTCTGGGGAGGCCTGG	chr16	73470906	73470928	1	+1
GGCCAGGCTTTGGGGAGGCCTGG	AGGTGGGCTTTGGGGAGGCCGGG	chr2	242607308	242607330	1	-1
GGCCAGGCTTTGGGGAGGCCTGG	GGCTGGGGTTTGGGGAGGCCCAG	chr16	3044739	3044761	1	+1
GGCCAGGCTTTGGGGAGGCCTGG	GGTCAGGCTCCGGGGAGGCCGAG	chr1	16071127	16071149	1	+1
GGCCAGGCTTTGGGGAGGCCTGG	GTTGAGGTTTTGGGGAGGCCCGG	chr22	38069226	38069248	1	+1
GGCCAGGCTTTGGGGAGGCCTGG	TGCCAGGCTCTGGGGAGGCCAAG	chr3	138080541	138080563	1	+1
GGCCAGGCTTTGGGGAGGCCTGG	GGCCTGGCTTTGGGCAGGCCCAG	chr4	24732442	24732464	1	+1
